0,12,12,9,18,25,5,10,15,4,2,9,13,13,7,13,18,5,10,6,7,5,16,24,5,16,16,5,15,16,13,17,16,9,5,9,3,5,9,11,5,13,7,0,15,16,11,2,10,10,20,20,9,8,9,4,11,20,16,11,5,16,19,9,8,6,11,16,7,12,22,4,6,16,7,19,6,3,4,7,17,19,5,14,16,16,7,13,13,16,20,5,14,7,11,19,6,12,8,6,14,21,5,16,4,9,19,7,25,17,15,8,16,4,13,17,11,16,11,13,19,11,3,18,5,10,13,8,15,17,7,17,12,11,16,9,13,13,18,10,18,10,15,18,6,6,13,8,10,17,15,13,8,15,14,14,9,10,9,15,20,19,11,13,7,15,13,15,16,6,17,15,13,13,14,13,12,15,13,25,18,10,13,13,16,14,9,7
12,0,2,17,9,33,9,18,6,12,10,17,21,5,15,21,8,12,2,14,13,12,26,34,12,7,24,12,24,26,22,25,24,3,12,5,13,7,4,1,12,5,17,12,8,24,23,12,18,7,30,30,16,17,5,12,19,28,26,13,12,8,25,18,7,9,19,24,16,7,30,10,9,26,13,8,9,9,13,17,8,27,10,7,26,26,10,6,3,24,28,17,24,15,13,27,14,2,8,8,24,30,17,24,11,17,27,15,35,25,8,8,6,9,4,10,19,24,19,5,28,19,11,9,17,16,18,6,8,6,17,7,21,23,9,17,21,5,8,7,7,19,4,9,9,9,5,8,18,7,5,23,6,7,7,5,17,18,17,8,30,24,23,21,17,23,21,8,7,10,25,6,19,21,23,4,16,3,22,35,8,2,21,21,7,5,21,10
12,2,0,17,9,33,9,18,5,12,10,17,21,5,15,21,8,12,2,14,13,12,26,34,12,7,24,12,24,26,23,24,24,3,12,5,13,7,6,1,12,5,17,12,8,24,23,12,17,7,30,30,16,16,5,11,19,28,26,13,12,8,25,18,7,9,19,24,16,7,30,10,8,26,13,8,9,9,12,17,7,27,9,7,26,26,10,6,5,24,28,17,24,15,13,27,14,2,8,9,24,30,17,24,9,17,27,15,35,24,8,8,7,9,5,10,18,24,19,5,29,19,11,9,17,16,19,6,8,6,17,6,20,23,9,17,21,5,9,7,7,18,4,9,9,9,5,8,17,7,6,23,6,7,7,4,17,18,17,9,30,25,23,21,17,23,21,8,7,10,25,5,19,21,22,5,16,5,22,35,8,4,21,21,7,6,21,10
9,17,17,0,23,22,10,8,20,9,7,6,8,18,4,8,23,8,15,8,11,10,13,23,10,19,13,10,14,13,6,18,14,14,10,14,8,12,14,16,10,18,2,9,22,13,12,7,11,13,17,17,8,11,12,9,14,17,13,12,10,21,18,10,13,11,2,13,6,17,17,9,11,11,11,22,11,10,9,2,20,12,10,19,13,13,10,20,16,11,17,6,13,6,10,16,8,17,11,11,13,20,6,11,9,6,14,2,24,18,20,9,19,11,18,22,12,13,12,18,12,8,8,21,6,11,12,11,18,20,5,20,13,12,21,6,8,18,23,13,21,13,18,23,11,11,18,9,11,22,18,8,11,20,17,19,6,8,6,20,17,18,12,10,2,12,10,20,19,11,18,20,14,8,15,18,11,16,11,22,23,15,10,8,19,19,10,10
18,9,9,23,0,39,15,24,7,18,16,25,29,9,23,29,4,18,9,20,19,18,32,40,18,6,32,17,28,32,27,29,29,9,18,9,19,15,11,9,18,9,23,18,8,32,29,18,24,15,38,36,22,22,11,18,23,36,32,19,18,4,30,24,13,15,23,32,22,11,38,16,15,32,19,3,15,17,18,23,6,33,16,6,32,32,16,8,9,32,36,23,32,21,19,33,20,9,14,15,32,34,23,32,16,25,33,23,43,29,6,14,6,17,7,4,23,32,23,9,33,25,17,2,23,24,23,14,8,4,23,4,24,29,3,23,27,9,2,15,4,22,6,2,17,15,9,14,24,9,7,29,14,8,8,7,25,24,25,8,38,29,29,27,23,29,29,6,5,18,29,7,23,29,26,7,24,9,27,43,2,11,29,29,5,7,27,16
25,33,33,22,39,0,28,24,37,27,25,16,18,36,18,18,39,26,33,25,24,28,21,17,28,34,17,28,16,21,18,14,24,32,27,32,24,30,31,32,28,36,24,25,37,17,16,25,22,28,13,13,23,27,30,27,18,15,19,22,28,39,22,22,26,28,22,17,23,35,13,29,28,21,24,40,27,28,27,22,35,14,29,37,21,21,28,37,36,19,15,20,19,20,24,6,26,33,29,26,19,10,20,19,27,18,14,22,14,12,38,29,34,28,36,40,18,17,18,36,14,20,26,39,20,22,18,29,33,38,23,38,25,16,39,17,18,35,39,28,39,26,36,39,28,28,35,29,21,40,38,19,29,38,32,36,17,24,17,33,13,14,16,12,22,15,12,38,34,27,12,37,20,16,26,36,22,36,17,14,38,32,12,16,36,37,22,28
5,9,9,10,15,28,0,11,12,5,5,12,14,10,10,14,15,7,9,7,7,5,19,27,5,13,19,5,17,19,16,17,17,8,5,6,6,2,8,8,5,12,10,5,12,19,16,7,14,7,23,23,9,12,6,8,13,23,19,13,5,15,21,11,7,5,12,19,9,11,25,3,3,19,7,14,5,2,8,10,14,20,4,11,19,19,6,10,12,19,23,10,17,10,11,22,7,9,7,3,17,23,10,19,7,12,20,8,28,19,12,5,13,3,10,14,13,19,13,10,22,14,2,13,10,12,11,5,12,14,10,14,14,16,15,12,14,12,15,7,15,12,12,15,3,3,12,5,14,14,14,16,5,14,11,11,12,11,12,14,23,17,16,16,10,18,16,12,13,6,19,12,11,14,16,10,12,12,16,28,15,9,16,14,13,11,14,6
10,18,18,8,24,24,11,0,19,7,11,9,8,19,10,8,24,10,18,6,8,7,14,24,6,20,16,7,11,14,10,15,7,17,7,17,10,11,15,17,7,17,8,10,21,16,12,10,9,14,19,20,5,11,17,12,10,17,14,11,7,22,15,6,14,12,6,16,5,17,20,8,12,14,8,25,12,9,11,8,21,14,9,20,14,16,11,19,19,16,17,10,14,8,11,18,4,18,14,12,14,17,10,16,13,8,14,6,24,16,21,14,20,10,17,23,10,16,10,17,16,11,9,24,10,9,11,12,19,22,7,22,13,12,22,10,10,17,24,14,24,11,20,24,12,10,17,14,9,22,21,10,12,21,18,18,8,1,8,19,19,16,12,12,6,13,12,21,20,12,15,19,10,8,14,17,9,19,11,24,24,17,12,10,20,18,11,11
15,6,5,20,7,37,12,19,0,13,15,22,24,4,20,24,7,13,5,15,16,13,29,39,13,5,29,13,25,29,24,27,25,6,13,8,14,10,10,6,13,4,18,15,5,29,26,15,19,12,35,34,17,19,8,13,21,33,29,17,13,4,28,19,11,12,22,29,17,5,35,11,13,29,16,8,11,12,15,20,5,30,10,4,29,29,11,5,6,29,33,20,29,20,17,31,15,7,11,12,29,31,20,29,13,22,30,18,40,27,5,11,4,11,2,6,21,29,21,4,30,24,14,7,20,19,22,9,6,6,18,6,23,26,5,22,24,4,6,12,7,21,5,7,12,12,2,11,19,6,4,24,9,2,6,1,22,19,22,6,35,28,26,25,18,28,26,4,5,14,27,2,22,24,25,2,20,6,24,39,5,8,26,24,7,1,24,10
4,12,12,9,18,27,5,7,13,0,6,11,13,13,9,13,18,5,12,2,8,1,18,26,1,16,18,1,13,16,13,17,13,11,1,11,5,5,9,11,1,11,7,4,15,18,14,4,10,10,24,24,5,8,11,6,11,22,18,13,1,16,20,7,10,6,11,18,7,12,24,2,6,16,7,19,6,3,6,9,17,19,3,14,18,18,5,13,13,18,22,9,18,9,12,21,3,12,8,6,18,19,9,18,8,11,19,7,27,19,15,8,16,4,11,17,13,18,13,11,19,13,3,18,9,10,14,6,15,17,7,17,12,14,16,11,13,11,18,10,18,10,15,18,6,4,11,8,12,17,15,13,6,15,14,12,11,7,11,15,24,19,14,15,7,17,15,15,16,6,17,13,13,13,14,11,10,13,13,27,18,10,15,13,16,12,13,5
2,10,10,7,16,25,5,11,15,6,0,9,13,13,7,13,18,5,10,8,9,7,16,24,7,16,16,7,17,16,13,19,18,9,7,7,3,7,7,9,7,13,7,2,17,16,13,4,12,8,22,22,11,10,9,6,13,20,16,11,7,16,19,11,8,8,9,16,9,12,22,6,8,18,9,17,6,5,6,9,17,19,7,14,16,16,7,15,13,16,20,7,16,5,11,19,8,10,8,8,16,23,7,16,2,9,19,7,27,19,15,8,16,6,13,17,13,16,13,13,19,9,5,16,7,12,13,6,15,15,7,15,14,13,16,9,13,13,16,8,16,12,13,16,8,8,13,8,12,17,15,13,6,15,14,14,9,12,9,15,22,19,13,13,9,15,13,15,16,6,19,15,13,13,16,13,12,13,13,27,16,10,13,13,16,14,11,7
9,17,17,6,25,16,12,9,22,11,9,0,10,20,2,10,24,10,17,10,11,12,14,20,12,21,8,12,16,14,10,18,14,16,12,16,8,14,16,16,12,20,8,9,24,8,8,9,10,13,15,15,12,11,14,11,13,14,12,12,12,23,16,11,15,12,7,10,10,19,13,13,12,12,13,24,11,12,11,6,22,16,13,21,14,12,12,22,20,10,14,4,10,4,12,10,10,17,13,10,10,22,4,10,11,3,16,6,20,18,22,13,21,12,20,24,13,10,12,20,16,7,10,23,4,10,11,13,20,22,7,22,12,8,23,3,10,20,24,15,23,10,20,25,12,12,20,13,11,24,22,12,13,22,19,21,3,9,1,21,15,17,8,6,6,9,6,22,21,11,18,22,13,8,14,20,10,20,11,19,24,16,4,10,23,21,7,12
13,21,21,8,29,18,14,8,24,13,13,10,0,22,10,2,28,12,21,11,12,14,12,20,13,24,12,14,10,10,2,12,9,20,13,20,14,16,20,20,14,22,6,13,25,12,6,13,11,16,13,13,9,15,20,15,11,14,12,13,14,27,12,8,16,16,7,10,9,21,15,13,16,10,12,28,15,14,15,8,25,6,14,25,10,10,14,24,24,12,14,10,10,10,13,12,12,21,17,16,10,16,10,12,15,10,6,6,18,14,26,17,24,15,22,28,11,10,11,22,8,10,12,27,10,11,11,15,23,26,11,26,15,6,27,10,2,22,28,16,27,15,24,29,16,16,22,17,11,28,25,2,15,25,22,23,10,8,10,23,13,14,6,6,8,9,6,26,24,15,14,24,11,2,16,22,11,24,7,18,28,20,6,2,24,23,8,14
13,5,5,18,9,36,10,19,4,13,13,20,22,0,18,22,9,11,5,15,14,13,27,37,13,4,27,13,24,27,22,26,25,4,13,6,12,8,9,6,13,4,16,13,7,27,24,13,19,10,33,33,17,18,6,13,20,31,27,15,13,7,26,18,10,10,20,27,17,6,33,11,11,27,14,10,10,10,14,18,5,28,10,6,27,27,10,6,2,27,31,18,27,18,15,30,15,5,9,10,27,30,18,27,13,20,28,16,38,26,6,9,4,10,4,8,20,27,20,2,28,22,12,9,18,19,20,7,5,8,16,8,22,24,7,20,22,2,8,11,9,20,7,9,10,10,4,9,19,8,4,22,7,6,6,3,20,19,20,6,33,26,24,24,16,26,24,7,4,13,26,2,20,22,24,4,19,4,22,38,7,7,24,22,6,5,22,10
7,15,15,4,23,18,10,10,20,9,7,2,10,18,0,10,23,8,15,8,11,10,13,19,10,19,9,10,16,15,10,18,15,14,10,14,6,12,14,14,10,18,6,7,22,9,8,7,11,11,15,15,10,9,12,9,12,13,13,12,10,21,18,10,13,11,6,9,10,17,15,11,11,13,11,22,9,10,9,4,20,16,12,19,13,13,10,20,18,9,13,2,9,2,12,12,8,15,11,11,9,22,2,9,9,2,16,4,20,18,20,11,19,11,18,22,12,9,12,18,16,8,8,21,2,9,12,11,18,20,5,20,13,8,21,2,10,18,23,13,21,11,18,23,11,11,18,11,11,22,20,12,11,20,17,19,2,10,2,20,15,18,8,6,4,8,6,20,19,9,18,20,12,10,15,18,9,18,11,20,23,15,6,10,21,19,8,10
13,21,21,8,29,18,14,8,24,13,13,10,2,22,10,0,28,14,23,11,12,14,12,20,13,24,12,14,10,10,4,12,11,22,13,20,14,16,20,20,14,22,8,13,25,12,8,15,11,16,13,13,9,15,20,16,11,15,12,13,14,27,12,8,16,16,8,12,9,21,15,13,17,10,12,28,17,14,16,8,25,8,14,25,12,12,16,24,23,12,15,12,10,10,15,12,12,21,17,17,10,16,12,12,15,9,8,6,18,14,26,17,24,15,22,28,11,12,9,22,10,10,12,27,12,11,11,15,23,26,11,26,16,8,27,10,2,22,28,14,27,15,24,29,16,16,22,17,13,27,25,4,15,26,22,23,10,9,10,23,13,14,8,6,8,9,6,26,24,15,14,24,11,2,16,22,11,24,7,18,28,21,6,2,24,23,8,16
18,8,8,23,4,39,15,24,7,18,18,24,28,9,23,28,0,19,10,20,18,18,32,42,18,7,32,18,28,32,26,29,29,11,17,11,19,15,12,9,18,9,23,18,7,32,28,18,22,14,37,37,21,22,11,18,23,36,32,19,18,5,29,23,14,16,23,32,21,11,37,18,14,32,20,3,16,17,19,23,7,32,17,6,32,32,17,8,7,32,36,23,32,23,19,33,20,8,14,14,32,34,23,32,17,24,32,23,42,29,6,14,6,16,9,5,23,32,23,9,32,27,17,4,23,22,23,14,8,4,23,4,24,28,6,25,26,9,3,14,4,24,6,4,14,16,9,14,22,7,5,28,14,7,9,8,25,23,25,8,37,29,28,28,23,31,28,6,7,16,29,7,23,28,26,9,22,7,28,42,2,10,28,28,7,8,27,17
5,12,12,8,18,26,7,10,13,5,5,10,12,11,8,14,19,0,12,6,6,5,19,27,4,14,17,5,14,19,12,16,16,11,5,11,4,7,10,11,5,11,6,5,14,17,16,5,11,8,23,23,8,9,9,6,12,21,19,10,5,16,20,8,8,6,10,17,8,10,23,4,6,17,6,19,4,5,5,8,15,18,5,14,17,17,3,12,13,17,21,10,17,10,12,20,6,12,8,6,17,20,10,17,7,10,18,8,28,18,14,8,14,6,11,17,10,17,12,12,18,12,6,18,10,11,12,6,13,16,7,16,13,16,16,10,12,11,18,9,18,11,14,18,6,6,11,8,11,17,15,12,6,15,13,12,10,10,10,15,23,18,16,14,6,16,14,15,14,6,18,13,12,12,15,11,11,13,13,28,18,12,14,14,15,12,12,3
10,2,2,15,9,33,9,18,5,12,10,17,21,5,15,23,10,12,0,14,13,12,26,34,12,7,24,12,24,26,21,25,24,1,12,3,11,7,6,3,12,3,15,10,7,24,21,10,16,9,30,30,16,15,3,10,19,28,26,13,12,6,25,18,7,9,17,24,16,5,30,10,9,24,13,10,9,9,11,17,8,27,10,6,26,26,10,6,5,24,28,15,24,15,13,27,14,2,8,8,24,30,15,24,9,17,27,17,35,25,7,6,6,9,4,8,19,24,19,3,27,19,11,9,15,16,18,8,6,8,15,8,19,21,7,17,21,5,8,9,9,17,6,9,9,9,3,6,16,7,6,21,8,7,6,5,17,18,17,8,30,24,21,21,17,23,21,6,7,12,25,6,19,23,21,4,18,5,21,35,8,4,21,22,7,4,19,9
6,14,14,8,20,25,7,6,15,2,8,10,11,15,8,11,20,6,14,0,7,3,17,25,3,18,17,3,12,15,12,16,12,13,3,13,6,7,11,13,3,13,6,6,17,17,13,6,9,12,22,22,4,9,13,7,10,21,17,11,3,18,19,6,12,8,10,17,5,14,23,4,8,15,6,21,8,5,8,8,19,17,5,16,17,17,7,15,15,17,21,8,17,8,11,19,2,14,10,8,17,18,8,17,9,10,17,6,25,17,17,10,18,6,13,19,11,17,11,13,18,12,5,20,8,9,13,8,16,19,6,19,13,13,18,10,12,13,19,12,20,11,17,20,7,6,13,10,10,19,17,12,8,17,16,14,10,6,10,17,22,18,13,14,6,16,13,17,18,7,16,15,12,11,15,13,9,15,12,25,19,12,14,12,18,14,12,7
7,13,13,11,19,24,7,8,16,8,9,11,12,14,11,12,18,6,13,7,0,8,18,28,7,14,18,8,13,20,12,12,15,12,8,12,6,6,11,12,8,15,9,7,15,18,12,9,7,8,21,21,5,10,10,8,8,21,18,8,8,18,17,7,8,4,12,18,5,14,21,8,6,18,2,20,6,7,8,9,15,18,7,15,20,20,7,14,14,18,19,11,18,11,8,18,7,13,9,6,18,19,11,18,10,10,18,9,26,14,16,9,14,6,14,18,6,18,8,14,18,13,8,19,11,7,6,9,13,18,8,18,14,12,19,12,12,15,18,6,19,12,16,19,4,6,15,9,7,18,16,12,9,17,12,15,10,9,10,15,21,12,12,12,9,15,12,16,14,8,14,16,6,10,16,14,7,15,10,26,18,12,12,10,14,15,13,7
5,12,12,10,18,28,5,7,13,1,7,12,14,13,10,14,18,5,12,3,8,0,19,27,1,16,19,1,13,17,14,17,13,11,1,11,6,5,9,11,1,11,8,5,15,19,14,5,10,10,25,25,5,8,11,6,11,23,19,13,1,16,20,7,10,6,12,19,7,12,25,2,6,17,7,19,6,3,6,10,17,20,3,14,19,19,5,13,13,19,23,10,19,10,12,22,3,12,8,6,19,19,10,19,8,12,20,8,28,19,15,8,16,4,11,17,13,19,13,11,20,14,4,18,10,10,14,6,15,17,8,17,12,14,16,12,14,11,18,10,18,10,15,18,6,4,11,8,12,17,15,14,6,15,14,12,12,7,12,15,25,19,14,16,8,18,16,15,16,6,17,13,13,14,14,11,10,13,14,28,18,11,16,14,16,12,14,5
16,26,26,13,32,21,19,14,29,18,16,14,12,27,13,12,32,19,26,17,18,19,0,14,19,30,6,19,15,2,12,17,15,25,19,23,17,21,23,25,19,27,13,16,31,6,12,16,17,24,10,10,17,18,23,18,17,10,2,21,19,32,15,16,22,20,14,6,17,26,10,20,20,6,18,33,20,19,18,13,31,15,21,30,2,4,19,29,27,4,10,13,6,13,21,15,17,26,18,20,6,21,13,4,18,12,13,13,15,17,31,20,30,20,27,33,17,6,17,27,15,9,17,32,13,17,17,20,29,31,14,31,18,12,32,12,12,27,32,24,32,17,29,32,20,20,27,20,17,29,29,12,20,27,28,28,14,14,14,29,10,17,12,12,13,7,12,31,30,18,17,29,17,12,17,27,17,27,13,15,32,24,12,12,30,28,9,19
24,34,34,23,40,17,27,24,39,26,24,20,20,37,19,20,42,27,34,25,28,27,14,0,27,38,14,27,23,16,20,24,23,33,27,31,25,29,31,33,27,37,21,24,39,14,18,24,25,30,9,9,27,26,31,26,25,12,14,29,27,40,25,26,30,30,22,12,25,36,11,28,30,14,28,41,28,27,26,21,39,19,29,38,14,16,29,37,37,12,12,19,10,19,29,17,25,34,30,28,10,22,19,12,26,20,17,21,7,24,39,30,38,28,37,41,25,12,25,37,19,17,25,40,19,25,25,30,37,39,24,39,26,18,40,18,20,37,40,32,40,27,37,40,28,30,37,30,25,41,39,20,30,39,36,38,18,24,20,37,9,24,18,18,21,15,18,39,38,28,24,39,25,20,25,37,25,37,23,5,40,34,18,20,40,38,15,29
5,12,12,10,18,28,5,6,13,1,7,12,13,13,10,13,18,4,12,3,7,1,19,27,0,15,19,1,13,17,14,17,13,11,1,11,6,5,9,11,1,11,8,5,15,19,14,5,10,9,24,24,5,8,11,6,11,22,19,12,1,16,19,7,9,6,11,19,6,11,25,2,6,17,7,19,6,3,5,10,16,19,3,14,19,19,5,13,13,19,22,10,19,10,11,22,2,12,8,6,19,19,10,19,8,11,19,8,28,18,15,8,15,4,11,17,12,19,12,11,20,14,4,18,10,10,13,6,14,16,8,16,12,14,16,12,13,11,18,9,18,10,14,18,6,4,11,8,11,16,15,14,6,15,13,12,11,7,12,14,24,19,14,16,8,18,16,15,15,6,17,13,13,13,14,11,10,13,14,28,18,11,16,13,15,12,14,5
16,7,7,19,6,34,13,20,5,16,16,21,24,4,19,24,7,14,7,18,14,16,30,38,15,0,28,16,23,30,24,24,27,7,16,9,15,11,11,7,16,6,19,16,4,28,24,16,19,10,33,31,17,19,9,15,18,32,30,14,15,6,26,19,8,13,21,28,17,6,33,14,13,30,14,6,13,13,15,21,2,30,13,8,30,30,12,6,6,28,32,21,28,19,16,28,17,6,12,13,28,29,21,28,15,21,30,19,38,24,7,10,1,13,6,7,18,28,18,6,30,23,15,8,21,19,20,10,3,7,19,7,22,24,6,21,24,6,6,10,7,20,6,5,13,13,6,10,19,8,7,24,10,7,3,5,21,21,21,3,33,26,24,22,19,27,24,7,1,16,24,5,20,24,24,6,19,6,22,38,5,9,24,24,3,6,23,12
16,24,24,13,32,17,19,16,29,18,16,8,12,27,9,12,32,17,24,17,18,19,6,14,19,28,0,19,17,6,12,17,15,23,19,23,15,21,23,23,19,27,13,16,31,0,10,16,15,20,10,10,17,16,21,18,17,6,4,19,19,30,17,18,22,18,12,2,17,26,10,20,20,4,18,31,18,19,18,13,29,15,21,28,6,4,19,29,27,4,6,11,4,11,19,11,17,24,20,18,4,21,11,4,18,10,15,13,15,17,29,20,28,20,27,31,17,2,17,27,15,7,17,30,11,15,17,20,27,29,14,29,16,10,30,10,12,27,32,22,30,17,27,32,20,20,27,20,17,31,29,12,20,29,26,28,10,16,8,29,10,17,10,8,13,7,8,29,28,18,17,29,17,10,17,27,15,27,11,13,32,24,8,12,30,28,9,19
5,12,12,10,17,28,5,7,13,1,7,12,14,13,10,14,18,5,12,3,8,1,19,27,1,16,19,0,13,17,14,17,13,11,1,11,6,5,9,11,1,11,8,5,15,19,14,5,10,10,25,25,5,8,11,6,11,23,19,13,1,16,20,7,10,6,12,19,7,12,25,2,6,17,7,19,6,3,6,10,17,20,3,14,19,19,5,13,13,19,23,10,19,10,12,22,3,12,8,6,19,19,10,19,8,12,20,8,28,19,15,8,16,4,11,17,13,19,13,11,20,14,4,17,10,10,14,6,15,17,8,17,12,14,16,12,14,11,18,10,18,10,15,18,6,4,11,8,12,17,15,14,6,15,14,12,12,7,12,15,25,19,14,16,8,18,16,15,15,6,17,13,13,14,14,11,10,13,14,28,18,11,16,14,15,12,14,5
15,24,24,14,28,16,17,11,25,13,17,16,10,24,16,10,28,14,24,12,13,13,15,23,13,23,17,13,0,15,10,6,11,23,12,21,16,17,21,23,13,23,14,15,26,17,8,17,11,17,16,16,8,17,21,16,5,18,15,11,13,28,11,6,17,17,14,15,8,21,18,14,17,15,11,29,17,15,17,14,24,10,15,26,15,15,17,25,23,15,17,14,15,16,13,10,12,24,20,17,15,6,14,15,18,14,10,14,21,6,27,18,23,15,23,29,7,15,7,23,10,16,16,30,14,11,9,18,22,27,15,27,18,8,28,15,10,23,28,17,28,18,25,28,17,15,23,18,11,28,25,10,18,27,21,24,16,10,16,22,16,8,8,10,14,14,12,27,23,16,4,25,7,8,18,23,11,23,9,21,27,22,12,10,25,24,14,17
16,26,26,13,32,21,19,14,29,16,16,14,10,27,15,10,32,19,26,15,20,17,2,16,17,30,6,17,15,0,12,17,13,25,17,23,17,21,23,25,17,27,13,16,31,6,12,16,15,22,12,12,17,16,23,18,17,10,4,21,17,32,15,16,22,20,14,6,17,26,12,18,20,4,20,33,20,19,18,13,31,15,19,30,4,2,21,29,27,6,10,13,6,13,21,15,15,26,18,20,6,21,13,6,18,14,15,11,17,17,31,20,30,20,27,33,17,6,17,27,15,9,17,32,13,15,17,20,29,31,14,31,16,12,32,14,10,27,32,24,32,15,29,32,20,20,27,20,15,29,29,12,20,27,28,28,14,14,14,29,12,19,12,12,13,9,12,31,30,18,17,29,17,10,15,27,17,27,13,17,32,24,12,10,30,28,9,21
13,22,23,6,27,18,16,10,24,13,13,10,2,22,10,4,26,12,21,12,12,14,12,20,14,24,12,14,10,12,0,14,11,20,14,19,14,18,19,22,14,22,6,13,25,12,6,13,11,18,13,13,11,16,18,15,11,15,12,13,14,27,14,10,16,16,5,12,9,21,13,15,16,10,14,28,15,16,15,8,25,6,16,25,10,10,14,24,22,10,15,10,12,10,11,12,12,23,17,16,12,16,10,10,15,10,8,8,20,14,26,15,24,16,22,28,11,12,11,22,6,8,14,27,10,11,11,17,23,26,11,26,15,6,27,10,2,22,26,18,27,16,24,27,16,17,22,15,11,27,24,2,17,26,22,23,10,10,10,23,13,14,6,6,8,9,6,26,24,16,14,24,11,4,15,22,13,22,7,18,26,20,6,4,22,23,10,14
17,25,24,18,29,14,17,15,27,17,19,18,12,26,18,12,29,16,25,16,12,17,17,24,17,24,17,17,6,17,14,0,15,24,16,23,18,18,23,24,17,25,18,17,27,17,12,19,13,18,17,17,12,17,22,17,6,16,17,12,17,29,13,10,18,16,18,17,14,24,17,18,16,17,12,30,16,17,19,18,25,11,17,27,17,17,18,26,26,17,16,18,15,18,12,11,16,25,21,18,15,7,18,17,19,16,11,16,20,4,28,21,24,16,26,30,6,17,8,26,11,16,16,29,18,11,8,21,23,28,17,28,18,12,29,18,12,25,28,18,31,17,26,29,16,16,25,21,13,30,27,14,21,28,22,26,17,14,18,25,17,2,12,14,16,16,12,28,24,17,2,27,6,12,19,26,11,25,13,22,28,24,14,12,24,26,16,17
16,24,24,14,29,24,17,7,25,13,18,14,9,25,15,11,29,16,24,12,15,13,15,23,13,27,15,13,11,13,11,15,0,23,12,23,16,17,21,23,13,23,14,16,27,15,13,16,15,21,18,19,11,17,23,17,13,16,15,18,13,28,16,12,21,17,12,15,12,23,20,14,17,13,14,31,17,15,17,14,28,14,15,26,15,15,17,25,25,15,16,15,15,14,18,18,11,24,20,17,15,17,15,15,19,13,14,12,23,16,27,20,27,16,23,29,14,15,14,23,16,14,15,29,15,15,14,18,26,28,13,28,17,13,28,14,11,23,29,20,30,18,26,30,17,15,23,20,15,29,27,11,18,27,25,24,14,6,14,26,18,17,13,14,12,14,14,27,27,17,15,25,13,11,17,23,15,25,13,23,29,23,14,11,27,24,14,17
9,3,3,14,9,32,8,17,6,11,9,16,20,4,14,22,11,11,1,13,12,11,25,33,11,7,23,11,23,25,20,24,23,0,11,2,10,6,7,2,11,4,14,9,8,23,20,9,17,8,29,29,15,15,2,11,18,27,25,12,11,7,26,17,6,8,16,23,15,6,29,9,8,23,12,10,8,8,11,16,8,26,9,5,25,25,9,6,4,23,27,14,23,14,12,26,13,3,7,8,23,29,14,23,10,16,26,16,34,24,6,5,7,8,4,8,18,23,18,4,26,18,10,9,14,17,18,7,7,8,14,8,19,20,7,16,20,4,9,8,9,17,6,9,8,8,4,5,17,8,6,20,7,6,6,5,16,17,16,9,29,24,20,20,16,22,20,6,7,12,24,6,18,22,21,4,18,6,20,34,9,4,20,22,7,5,18,9
5,12,12,10,18,27,5,7,13,1,7,12,13,13,10,13,17,5,12,3,8,1,19,27,1,16,19,1,12,17,14,16,12,11,0,11,6,5,9,11,1,11,8,5,15,19,13,5,9,10,24,24,4,8,11,5,10,23,19,12,1,16,20,6,10,5,12,19,6,12,25,2,5,17,6,19,5,3,6,10,17,19,3,14,19,19,5,13,13,19,23,10,19,10,12,21,3,12,8,5,19,18,10,19,7,12,19,8,27,18,15,8,15,4,11,17,12,19,12,11,20,14,4,18,10,9,13,6,14,17,8,17,12,13,16,12,13,11,17,10,18,10,15,18,5,3,11,8,11,17,15,14,6,15,14,12,12,6,12,15,24,18,13,16,8,18,15,15,16,5,16,13,12,13,14,11,9,13,14,28,17,11,16,13,16,12,14,5
9,5,5,14,9,32,6,17,8,11,7,16,20,6,14,20,11,11,3,13,12,11,23,31,11,9,23,11,21,23,19,23,23,2,11,0,10,6,6,4,11,6,14,9,10,23,20,9,17,9,29,29,15,15,2,11,18,27,23,13,11,9,24,17,7,8,15,23,13,7,29,9,8,23,12,10,8,8,11,14,10,25,9,7,23,23,9,8,6,23,27,14,23,12,11,26,13,5,5,8,23,27,14,23,8,16,26,14,34,23,8,5,9,8,6,10,18,23,17,6,25,16,8,9,14,16,17,5,8,10,14,10,18,20,9,16,20,6,9,9,11,16,8,9,8,8,6,5,17,10,8,20,5,8,7,7,16,17,16,8,29,23,20,20,16,22,20,8,9,10,23,8,17,20,20,6,16,8,20,34,9,3,20,20,9,7,18,9
3,13,13,8,19,24,6,10,14,5,3,8,14,12,6,14,19,4,11,6,6,6,17,25,6,15,15,6,16,17,14,18,16,10,6,10,0,6,10,12,6,14,8,3,16,15,14,3,11,9,21,21,9,9,10,5,12,19,17,12,6,17,19,10,9,5,10,15,9,13,21,5,5,15,6,18,5,4,5,8,16,20,6,13,17,17,6,14,14,15,19,8,15,8,12,18,6,13,7,5,15,22,8,15,5,8,20,8,26,18,14,7,15,5,12,16,12,15,12,14,20,10,4,17,8,11,12,7,14,16,6,16,13,14,17,8,14,14,19,9,17,11,14,19,5,5,14,7,11,16,16,14,7,16,13,13,8,10,8,16,21,18,14,12,8,14,12,14,15,5,18,14,12,14,15,12,11,14,12,26,19,11,12,14,15,13,10,6
5,7,7,12,15,30,2,11,10,5,7,14,16,8,12,16,15,7,7,7,6,5,21,29,5,11,21,5,17,21,18,18,17,6,5,6,6,0,6,6,5,10,12,5,10,21,16,7,13,8,25,25,9,11,6,7,12,25,21,12,5,13,23,11,8,4,14,21,9,9,27,3,4,21,6,14,4,2,7,12,12,22,3,9,21,21,5,8,10,21,25,10,19,12,12,24,7,7,5,4,19,23,10,21,9,14,22,10,30,18,10,3,11,2,8,12,12,21,12,8,24,16,4,13,10,13,12,3,10,12,10,12,15,16,13,14,16,10,15,8,13,13,10,15,2,2,10,3,13,12,12,18,3,12,9,9,14,11,14,12,25,18,16,18,10,20,18,10,11,7,18,10,12,16,17,8,13,10,16,30,15,7,18,16,11,9,14,5
9,4,6,14,11,31,8,15,10,9,7,16,20,9,14,20,12,10,6,11,11,9,23,31,9,11,23,9,21,23,19,23,21,7,9,6,10,6,0,5,9,9,14,9,12,23,20,9,16,6,29,28,13,14,7,10,17,26,23,11,9,11,23,15,5,7,16,23,13,9,29,7,8,23,12,12,7,8,10,14,11,25,8,11,23,23,8,10,7,23,26,14,23,12,12,25,11,6,5,7,23,27,14,23,8,16,25,14,34,23,11,7,10,8,8,14,17,23,17,9,25,16,10,13,14,15,17,5,9,10,14,11,18,20,13,15,19,9,10,6,11,16,8,11,8,8,9,7,16,11,9,20,5,11,9,9,15,15,15,9,29,23,20,19,14,19,20,11,11,9,23,10,17,20,20,8,15,7,20,34,10,4,20,20,10,9,18,8
11,1,1,16,9,32,8,17,6,11,9,16,20,6,14,20,9,11,3,13,12,11,25,33,11,7,23,11,23,25,22,24,23,2,11,4,12,6,5,0,11,6,16,11,8,23,22,11,18,6,29,29,15,16,4,12,18,27,25,12,11,9,26,17,6,8,18,23,15,8,29,9,8,25,12,8,8,8,12,16,8,26,9,7,25,25,9,6,4,23,27,16,23,14,12,26,13,1,7,8,23,29,16,23,10,16,26,14,34,24,8,7,7,8,4,10,18,23,18,4,28,18,10,9,16,17,18,5,9,6,16,6,20,22,9,16,20,6,9,6,7,18,4,9,8,8,6,7,18,8,6,22,5,8,8,5,16,17,16,9,29,24,22,20,16,22,20,8,7,11,24,6,18,20,22,4,17,4,22,34,9,3,20,20,7,5,20,9
5,12,12,10,18,28,5,7,13,1,7,12,14,13,10,14,18,5,12,3,8,1,19,27,1,16,19,1,13,17,14,17,13,11,1,11,6,5,9,11,0,11,8,5,15,19,14,5,10,10,25,25,5,8,11,6,11,23,19,13,1,16,20,7,10,6,12,19,7,12,25,2,6,17,7,19,6,3,6,10,17,20,3,14,19,19,5,13,13,19,23,10,19,10,12,22,3,12,8,6,19,19,10,19,8,12,20,8,28,19,15,8,16,4,11,17,13,19,13,11,20,14,4,18,10,10,14,6,15,17,8,17,12,14,16,12,14,11,18,10,18,10,15,18,6,4,11,8,12,17,15,14,6,15,14,12,12,7,12,15,25,19,14,16,8,18,16,15,16,6,17,13,13,14,14,11,10,13,14,28,18,11,16,14,16,12,14,5
13,5,5,18,9,36,12,17,4,11,13,20,22,4,18,22,9,11,3,13,15,11,27,37,11,6,27,11,23,27,22,25,23,4,11,6,14,10,9,6,11,0,16,13,7,27,24,13,18,10,33,33,15,17,6,12,21,31,27,15,11,6,26,17,10,11,20,27,15,4,33,9,11,27,15,10,9,10,13,18,7,28,10,7,27,27,9,7,4,27,31,18,27,18,15,30,13,5,9,11,27,29,18,27,12,20,28,16,38,27,7,9,5,11,4,8,19,27,21,2,28,22,12,9,18,18,21,9,7,8,18,8,21,24,7,20,22,2,8,11,9,19,7,9,11,11,2,9,18,8,4,22,9,6,8,5,20,17,20,7,33,27,24,24,16,26,24,7,6,14,27,4,21,22,23,4,20,2,23,38,8,7,24,22,6,3,22,8
7,17,17,2,23,24,10,8,18,7,7,8,6,16,6,8,23,6,15,6,9,8,13,21,8,19,13,8,14,13,6,18,14,14,8,14,8,12,14,16,8,16,0,7,20,13,10,7,11,13,19,19,8,11,14,9,12,17,13,10,8,21,18,10,11,11,4,13,8,15,19,9,11,11,11,24,9,10,9,2,20,12,10,19,11,11,8,18,18,13,17,4,13,4,10,18,6,17,11,11,13,20,4,13,9,8,12,2,24,18,20,11,19,11,16,22,12,13,12,16,12,8,8,23,4,11,12,11,18,22,5,22,15,10,21,8,6,16,23,13,23,13,20,23,11,11,16,11,11,22,20,6,11,20,17,17,8,8,8,18,19,18,10,12,2,13,12,20,19,11,18,18,14,8,15,16,11,18,11,24,23,17,12,8,21,17,8,8
0,12,12,9,18,25,5,10,15,4,2,9,13,13,7,13,18,5,10,6,7,5,16,24,5,16,16,5,15,16,13,17,16,9,5,9,3,5,9,11,5,13,7,0,15,16,11,2,10,10,20,20,9,8,9,4,11,20,16,11,5,16,19,9,8,6,11,16,7,12,22,4,6,16,7,19,6,3,4,7,17,19,5,14,16,16,7,13,13,16,20,5,14,7,11,19,6,12,8,6,14,21,5,16,4,9,19,7,25,17,15,8,16,4,13,17,11,16,11,13,19,11,3,18,5,10,13,8,15,17,7,17,12,11,16,9,13,13,18,10,18,10,15,18,6,6,13,8,10,17,15,13,8,15,14,14,9,10,9,15,20,19,11,13,7,15,13,15,16,6,17,15,13,13,14,13,12,15,13,25,18,10,13,13,16,14,9,7
15,8,8,22,8,37,12,21,5,15,17,24,25,7,22,25,7,14,7,17,15,15,31,39,15,4,31,15,26,31,25,27,27,8,15,10,16,10,12,8,15,7,20,15,0,31,25,17,20,11,34,34,18,20,10,16,21,34,31,17,15,4,27,20,11,14,23,31,18,8,34,13,14,31,15,7,14,12,16,22,2,31,13,4,31,31,14,2,7,31,34,20,29,20,17,31,17,7,13,14,29,32,20,31,16,23,31,20,39,27,3,13,4,12,6,5,21,31,21,5,31,26,14,6,20,20,21,13,6,5,17,5,24,25,6,23,25,7,7,11,7,22,4,8,12,12,7,13,20,8,5,25,13,7,6,6,23,21,23,6,34,27,25,25,20,28,25,4,4,17,27,5,21,25,26,6,20,7,23,39,7,10,25,25,4,5,24,14
16,24,24,13,32,17,19,16,29,18,16,8,12,27,9,12,32,17,24,17,18,19,6,14,19,28,0,19,17,6,12,17,15,23,19,23,15,21,23,23,19,27,13,16,31,0,10,16,15,20,10,10,17,16,21,18,17,6,4,19,19,30,17,18,22,18,12,2,17,26,10,20,20,4,18,31,18,19,18,13,29,15,21,28,6,4,19,29,27,4,6,11,4,11,19,11,17,24,20,18,4,21,11,4,18,10,15,13,15,17,29,20,28,20,27,31,17,2,17,27,15,7,17,30,11,15,17,20,27,29,14,29,16,10,30,10,12,27,32,22,30,17,27,32,20,20,27,20,17,31,29,12,20,29,26,28,10,16,8,29,10,17,10,8,13,7,8,29,28,18,17,29,17,10,17,27,15,27,11,13,32,24,8,12,30,28,9,19
11,23,23,12,29,16,16,12,26,14,13,8,6,24,8,8,28,16,21,13,12,14,12,18,14,24,10,14,8,12,6,12,13,20,13,20,14,16,20,22,14,24,10,11,25,10,0,13,11,18,13,13,9,15,20,15,9,13,12,13,14,27,12,8,16,16,11,10,11,23,13,15,16,12,10,30,16,14,15,10,25,12,16,25,14,12,18,24,24,10,11,6,10,8,13,10,13,23,17,16,10,14,6,10,15,8,12,12,18,12,26,19,24,15,24,28,11,10,11,24,12,10,14,29,6,11,11,19,23,28,13,28,17,0,27,8,6,24,28,18,29,16,26,29,16,14,24,19,9,28,26,6,19,26,22,25,8,11,8,23,13,14,0,4,10,7,4,26,24,16,10,26,11,6,16,24,13,25,7,18,28,21,4,6,24,25,10,17
2,12,12,7,18,25,7,10,15,4,4,9,13,13,7,15,18,5,10,6,9,5,16,24,5,16,16,5,17,16,13,19,16,9,5,9,3,7,9,11,5,13,7,2,17,16,13,0,8,10,22,22,9,6,9,2,13,20,16,11,5,16,19,11,8,6,9,16,9,12,22,4,6,16,9,19,6,5,2,7,17,19,5,14,16,16,5,15,13,16,20,7,16,9,11,19,6,12,8,6,16,23,7,16,6,9,19,9,25,19,15,8,16,6,13,17,13,16,13,13,19,11,5,18,7,8,13,8,15,17,7,17,10,13,16,9,13,13,18,10,18,8,15,18,6,6,13,8,8,17,15,13,8,15,14,14,9,10,9,15,22,19,13,13,7,15,13,15,16,4,19,15,13,13,12,13,10,13,13,25,18,10,13,13,16,14,11,5
10,18,17,11,24,22,14,9,19,10,12,10,11,19,11,11,22,11,16,9,7,10,17,25,10,19,15,10,11,15,11,13,15,17,9,17,11,13,16,18,10,18,11,10,20,15,11,8,0,13,20,20,5,8,17,6,8,20,17,9,10,21,15,6,13,11,11,17,5,17,20,11,11,15,7,25,11,12,8,11,20,17,10,21,17,15,11,21,20,17,18,11,17,11,11,16,9,18,15,11,17,17,11,17,10,9,17,11,23,13,22,15,18,11,20,23,7,17,8,19,17,12,13,24,11,2,9,15,17,23,10,23,11,11,22,11,11,18,23,12,24,9,21,24,11,11,17,15,2,22,22,11,15,21,17,19,11,9,9,17,20,13,11,11,11,14,11,21,19,8,13,20,9,11,13,20,4,20,11,23,22,16,11,11,19,19,12,10
10,7,7,13,15,28,7,14,12,10,8,13,16,10,11,16,14,8,9,12,8,10,24,30,9,10,20,10,17,22,18,18,21,8,10,9,9,8,6,6,10,10,13,10,11,20,18,10,13,0,25,25,11,13,7,10,12,24,22,8,10,14,20,13,2,7,15,20,9,9,25,8,5,22,8,14,5,7,9,13,11,22,7,13,24,24,5,12,9,20,24,13,20,13,8,22,11,7,7,7,20,23,13,20,9,13,22,11,30,18,14,7,10,7,10,16,14,20,12,10,22,17,9,15,13,13,14,5,9,12,13,12,17,18,15,13,16,11,14,2,13,15,10,15,7,7,11,7,13,14,11,18,5,13,8,11,13,15,13,9,25,20,18,16,13,19,16,14,10,10,18,12,14,16,19,10,13,10,16,30,14,8,16,16,10,11,17,6
20,30,30,17,38,13,23,19,35,24,22,15,13,33,15,13,37,23,30,22,21,25,10,9,24,33,10,25,16,12,13,17,18,29,24,29,21,25,29,29,25,33,19,20,34,10,13,22,20,25,0,2,20,22,27,24,18,8,12,24,25,36,20,19,25,25,17,10,20,32,2,24,25,10,21,37,24,23,24,19,34,10,25,34,10,10,25,33,33,6,9,17,6,17,22,8,23,30,26,23,6,17,17,6,24,14,12,17,7,17,35,26,33,24,33,37,18,10,18,33,12,15,21,36,17,20,18,26,32,35,20,35,22,13,36,15,13,33,37,25,36,23,33,38,25,25,33,26,18,37,35,15,26,35,31,34,14,19,15,32,0,17,13,11,19,12,9,35,33,24,17,35,18,13,22,33,20,33,14,7,37,28,11,13,33,34,11,25
20,30,30,17,36,13,23,20,34,24,22,15,13,33,15,13,37,23,30,22,21,25,10,9,24,31,10,25,16,12,13,17,19,29,24,29,21,25,28,29,25,33,19,20,34,10,13,22,20,25,2,0,20,22,27,24,18,10,12,22,25,36,20,19,23,25,17,10,20,32,2,24,25,10,21,37,24,23,24,19,32,12,24,34,10,10,25,33,33,6,10,17,6,17,22,8,23,30,26,25,6,15,17,6,24,14,12,17,7,15,35,26,31,24,33,37,18,10,16,33,12,15,21,36,17,20,20,26,30,35,20,35,22,13,36,14,13,32,36,25,36,23,33,36,25,25,32,26,20,37,35,15,26,35,29,33,15,20,15,30,2,19,13,9,19,11,11,35,31,24,15,34,20,13,21,33,20,33,16,7,35,28,11,13,33,34,11,25
9,16,16,8,22,23,9,5,17,5,11,12,9,17,10,9,21,8,16,4,5,5,17,27,5,17,17,5,8,17,11,12,11,15,4,15,9,9,13,15,5,15,8,9,18,17,9,9,5,11,20,20,0,9,15,9,6,20,19,8,5,20,16,2,11,9,9,17,2,15,22,6,9,15,3,23,9,7,9,8,18,15,7,18,19,17,9,17,17,17,20,10,17,10,8,17,4,16,12,9,17,14,10,17,11,11,15,6,23,14,19,12,17,8,15,21,8,17,8,15,17,14,8,22,10,5,9,10,16,21,7,21,13,9,20,11,9,15,21,9,22,11,19,22,9,7,15,12,7,21,19,11,10,19,15,16,11,5,11,16,20,14,9,13,6,16,11,19,17,9,12,17,8,9,15,15,5,17,11,25,21,15,13,9,17,16,12,9
8,17,16,11,22,27,12,11,19,8,10,11,15,18,9,15,22,9,15,9,10,8,18,26,8,19,16,8,17,16,16,17,17,15,8,15,9,11,14,16,8,17,11,8,20,16,15,6,8,13,22,22,9,0,15,6,12,20,18,11,7,19,18,11,12,10,13,16,9,15,24,9,10,16,10,22,10,10,4,9,20,21,9,19,18,16,8,18,18,18,20,9,16,11,12,21,9,17,13,10,16,23,9,18,10,11,21,11,27,19,20,13,19,10,18,21,12,16,14,18,21,13,11,22,9,9,13,13,18,20,9,20,4,15,20,11,16,17,21,13,20,2,18,21,10,10,17,13,8,20,20,16,13,21,16,18,11,11,11,19,22,19,15,15,9,17,15,18,19,8,18,19,13,15,6,18,11,18,14,27,22,15,15,15,19,18,11,9
9,5,5,12,11,30,6,17,8,11,9,14,20,6,12,20,11,9,3,13,10,11,23,31,11,9,21,11,21,23,18,22,23,2,11,2,10,6,7,4,11,6,14,9,10,21,20,9,17,7,27,27,15,15,0,11,16,25,23,13,11,9,24,17,7,6,14,21,13,7,27,9,6,23,12,10,6,8,11,14,10,24,9,7,23,23,7,8,6,21,25,14,21,12,13,24,13,5,5,6,21,27,14,21,10,14,25,14,32,22,8,3,9,8,6,10,16,21,16,6,24,18,8,9,14,16,16,5,8,10,14,10,18,20,9,14,19,6,11,7,9,17,8,11,8,8,6,3,17,10,8,20,5,8,7,7,14,17,14,8,27,22,20,18,14,20,18,8,9,10,22,8,16,20,20,6,16,6,20,32,11,3,18,20,9,7,18,7
4,12,11,9,18,27,8,12,13,6,6,11,15,13,9,16,18,6,10,7,8,6,18,26,6,15,18,6,16,18,15,17,17,11,5,11,5,7,10,12,6,12,9,4,16,18,15,2,6,10,24,24,9,6,11,0,11,22,18,12,6,15,20,11,9,5,11,18,9,11,24,5,5,18,8,19,5,6,2,9,16,21,4,15,18,18,5,15,14,18,22,9,18,11,13,21,8,12,9,5,18,22,9,18,4,11,21,11,27,17,16,9,14,5,14,17,11,18,11,13,21,13,7,18,9,6,11,9,13,17,9,17,10,15,16,11,15,12,17,10,18,8,15,18,5,5,11,9,6,16,16,15,9,15,13,13,11,11,11,14,24,17,15,15,9,17,15,15,15,2,17,14,11,15,12,14,8,14,14,27,16,10,15,14,16,13,13,4
11,19,19,14,23,18,13,10,21,11,13,13,11,20,12,11,23,12,19,10,8,11,17,25,11,18,17,11,5,17,11,6,13,18,10,18,12,12,17,18,11,21,12,11,21,17,9,13,8,12,18,18,6,12,16,11,0,18,17,8,11,23,14,4,12,12,12,17,8,19,20,12,12,17,6,24,12,11,13,12,19,14,11,21,17,17,14,20,20,17,19,12,15,14,8,12,10,19,15,12,15,11,12,17,15,12,14,12,21,8,22,15,18,10,20,24,2,17,2,20,14,12,12,25,12,8,4,15,17,22,11,22,14,9,23,12,11,19,23,14,25,13,20,23,12,10,19,15,7,24,22,11,15,22,16,20,12,10,12,19,18,8,9,11,12,14,9,22,18,11,6,21,2,11,16,20,8,21,8,23,22,18,11,11,20,21,10,13
20,28,28,17,36,15,23,17,33,22,20,14,14,31,13,15,36,21,28,21,21,23,10,12,22,32,6,23,18,10,15,16,16,27,23,27,19,25,26,27,23,31,17,20,34,6,13,20,20,24,8,10,20,20,25,22,18,0,8,23,23,34,17,19,25,22,17,4,20,30,9,24,24,8,21,35,22,23,22,17,33,13,25,32,10,8,23,32,31,8,4,15,8,15,22,9,21,28,24,22,8,19,15,8,22,13,13,17,13,19,33,24,32,24,31,35,19,4,20,31,13,11,21,34,15,18,17,24,31,33,17,33,20,13,34,13,15,31,36,25,34,20,31,36,24,24,31,24,18,34,33,15,24,33,30,32,12,17,13,32,8,18,13,11,17,8,9,33,32,22,18,33,19,14,19,31,18,31,14,13,36,28,11,13,33,32,13,23
16,26,26,13,32,19,19,14,29,18,16,12,12,27,13,12,32,19,26,17,18,19,2,14,19,30,4,19,15,4,12,17,15,25,19,23,17,21,23,25,19,27,13,16,31,4,12,16,17,22,12,12,19,18,23,18,17,8,0,21,19,32,15,18,22,20,12,4,17,26,12,20,20,6,20,33,20,19,18,13,31,15,21,30,4,4,19,29,27,6,8,13,6,11,21,13,17,26,18,20,6,21,13,6,18,12,15,13,15,17,31,20,30,20,27,33,17,4,17,27,15,7,17,32,13,17,17,20,29,31,14,31,16,12,32,12,12,27,32,22,32,17,29,32,20,20,27,20,17,29,29,12,20,27,28,28,12,14,12,29,12,17,12,12,13,9,12,31,30,18,17,29,17,12,17,27,17,27,13,15,32,24,12,12,30,28,9,19
11,13,13,12,19,22,13,11,17,13,11,12,13,15,12,13,19,10,13,11,8,13,21,29,12,14,19,13,11,21,13,12,18,12,12,13,12,12,11,12,13,15,10,11,17,19,13,11,9,8,24,22,8,11,13,12,8,23,21,0,13,19,17,9,6,12,14,21,8,15,24,12,10,19,8,20,10,11,11,12,15,16,11,17,21,21,11,16,15,19,22,12,21,12,2,16,11,13,13,11,21,17,12,19,11,13,18,12,29,14,18,13,14,11,16,20,6,21,8,15,18,14,12,21,12,9,8,13,12,18,11,18,15,13,19,13,13,15,19,6,19,13,16,19,12,12,15,13,10,19,17,13,13,18,12,16,13,12,11,13,24,14,13,13,12,18,15,18,14,12,14,16,8,15,17,16,11,15,13,27,18,14,15,15,16,16,16,11
5,12,12,10,18,28,5,7,13,1,7,12,14,13,10,14,18,5,12,3,8,1,19,27,1,15,19,1,13,17,14,17,13,11,1,11,6,5,9,11,1,11,8,5,15,19,14,5,10,10,25,25,5,7,11,6,11,23,19,13,0,16,20,7,10,6,12,19,7,12,25,2,6,17,7,18,6,3,6,10,17,20,3,14,19,19,5,13,13,19,23,10,19,10,12,22,3,12,8,6,19,19,10,19,8,12,20,8,28,19,15,8,16,4,11,17,13,19,13,11,20,14,4,18,10,10,14,6,15,17,8,17,11,14,16,12,14,11,17,10,17,9,15,17,6,4,11,8,12,17,15,14,6,15,14,12,12,7,12,15,25,19,14,16,8,18,16,15,16,6,17,13,13,14,13,11,10,13,14,28,18,11,16,14,16,12,14,5
16,8,8,21,4,39,15,22,4,16,16,23,27,7,21,27,5,16,6,18,18,16,32,40,16,6,30,16,28,32,27,29,28,7,16,9,17,13,11,9,16,6,21,16,4,30,27,16,21,14,36,36,20,19,9,15,23,34,32,19,16,0,29,22,13,14,23,30,20,8,36,14,15,30,18,5,14,15,15,23,6,33,14,4,32,32,14,5,8,30,34,21,30,21,19,33,18,8,14,14,30,34,21,30,15,23,33,21,41,29,3,12,5,14,5,3,23,30,23,6,33,25,17,4,21,21,24,12,7,5,20,3,23,27,2,22,27,7,3,14,4,21,7,4,15,15,6,12,21,7,6,27,12,6,8,5,23,22,23,7,36,30,27,27,21,28,27,4,6,17,29,5,24,27,25,5,23,8,26,41,3,10,27,27,7,4,25,13
19,25,25,18,30,22,21,15,28,20,19,16,12,26,18,12,29,20,25,19,17,20,15,25,19,26,17,20,11,15,14,13,16,26,20,24,19,23,23,26,20,26,18,19,27,17,12,19,15,20,20,20,16,18,24,20,14,17,15,17,20,29,0,14,21,21,18,17,16,25,18,21,21,17,17,30,21,21,20,18,27,16,21,28,15,15,21,27,25,17,17,18,17,18,16,16,18,25,22,21,17,16,18,17,19,16,16,18,23,14,29,22,26,21,27,30,14,17,14,25,16,16,20,29,18,15,13,22,24,29,17,27,18,12,31,17,14,26,29,20,30,17,27,30,21,21,27,22,15,27,27,12,22,27,24,27,16,16,16,25,20,14,12,14,18,16,12,29,26,19,15,26,13,12,19,27,15,26,11,23,29,24,12,12,26,27,16,21
9,18,18,10,24,22,11,6,19,7,11,11,8,18,10,8,23,8,18,6,7,7,16,26,7,19,18,7,6,16,10,10,12,17,6,17,10,11,15,17,7,17,10,9,20,18,8,11,6,13,19,19,2,11,17,11,4,19,18,9,7,22,14,0,13,11,8,16,4,15,21,8,11,16,5,25,11,9,11,10,20,14,9,20,18,18,11,19,19,16,19,10,16,12,9,16,6,18,14,11,16,12,10,16,12,10,14,8,22,12,21,14,19,10,17,23,6,16,6,17,16,13,10,24,10,6,8,12,18,22,9,22,14,8,22,10,8,17,23,11,24,12,20,24,11,9,17,14,6,22,21,10,12,21,17,18,10,6,10,18,19,12,8,12,8,15,10,21,19,11,10,19,6,8,16,17,6,19,9,24,23,17,12,8,19,18,11,11
8,7,7,13,13,26,7,14,11,10,8,15,16,10,13,16,14,8,7,12,8,10,22,30,9,8,22,10,17,22,16,18,21,6,10,7,9,8,5,6,10,10,11,8,11,22,16,8,13,2,25,23,11,12,7,9,12,25,22,6,10,13,21,13,0,7,15,22,11,9,25,8,7,22,8,14,7,7,8,13,9,22,7,11,22,22,5,11,10,22,25,13,22,11,8,20,11,7,7,7,22,23,13,22,8,14,22,13,30,18,12,7,8,7,10,14,12,22,12,10,22,15,9,15,13,13,14,7,7,12,12,12,16,16,13,14,16,9,13,2,13,14,10,13,7,9,9,7,13,14,12,16,7,12,6,10,14,15,14,7,25,20,16,14,13,19,16,12,8,10,18,11,14,16,18,10,13,10,16,30,12,8,16,16,10,11,17,6
6,9,9,11,15,28,5,12,12,6,8,12,16,10,11,16,16,6,9,8,4,6,20,30,6,13,18,6,17,20,16,16,17,8,5,8,5,4,7,8,6,11,11,6,14,18,16,6,11,7,25,25,9,10,6,5,12,22,20,12,6,14,21,11,7,0,13,18,9,10,25,4,2,20,6,16,2,3,6,11,12,22,3,13,20,20,4,12,10,20,22,11,20,11,12,22,8,9,5,2,20,23,11,20,7,13,22,11,30,18,14,5,12,2,10,16,10,18,12,10,22,15,5,15,11,11,10,5,11,14,9,14,14,16,15,13,16,11,14,7,15,12,12,15,2,2,11,5,11,14,12,16,5,13,11,11,13,11,13,13,25,16,16,16,11,19,16,14,13,5,18,12,10,14,16,10,11,11,14,30,14,8,16,14,13,11,15,3
11,19,19,2,23,22,12,6,22,11,9,7,7,20,6,8,23,10,17,10,12,12,14,22,11,21,12,12,14,14,5,18,12,16,12,15,10,14,16,18,12,20,4,11,23,12,11,9,11,15,17,17,9,13,14,11,12,17,12,14,12,23,18,8,15,13,0,14,8,19,17,11,13,12,12,24,13,12,11,4,22,11,12,21,12,12,12,21,18,12,17,8,14,8,12,16,9,19,13,13,14,20,8,12,11,6,13,4,23,18,22,11,21,13,20,24,12,14,12,20,11,7,10,23,8,11,12,13,20,22,7,22,12,11,23,6,7,20,23,15,23,12,20,23,13,13,20,11,11,23,20,7,13,22,19,21,6,6,6,22,17,18,11,10,4,12,10,22,21,13,18,22,12,8,14,20,11,18,11,22,23,17,10,8,21,21,9,12
16,24,24,13,32,17,19,16,29,18,16,10,10,27,9,12,32,17,24,17,18,19,6,12,19,28,2,19,15,6,12,17,15,23,19,23,15,21,23,23,19,27,13,16,31,2,10,16,17,20,10,10,17,16,21,18,17,4,4,21,19,30,17,16,22,18,14,0,17,26,10,20,20,4,18,31,18,19,18,13,29,13,21,28,6,4,19,29,27,4,4,11,4,11,19,11,17,24,20,18,4,21,11,4,18,10,15,13,13,17,29,20,28,20,27,31,17,0,17,27,15,7,17,30,11,15,17,20,27,29,14,29,16,10,30,10,12,27,32,22,30,17,27,32,20,20,27,20,17,31,29,12,20,29,26,28,8,16,10,29,10,17,10,8,13,7,8,29,28,18,17,29,17,12,17,27,15,27,11,13,32,24,8,10,30,28,9,19
7,16,16,6,22,23,9,5,17,7,9,10,9,17,10,9,21,8,16,5,5,7,17,25,6,17,17,7,8,17,9,14,12,15,6,13,9,9,13,15,7,15,8,7,18,17,11,9,5,9,20,20,2,9,13,9,8,20,17,8,7,20,16,4,11,9,8,17,0,15,20,6,9,17,5,21,9,7,9,6,18,15,7,18,17,17,9,17,15,17,20,8,17,10,8,17,5,16,12,9,17,14,8,17,11,9,15,6,25,12,19,10,17,7,15,21,8,17,6,15,15,14,8,22,8,5,9,10,16,19,7,19,13,11,20,11,9,15,21,9,20,11,17,22,9,9,15,10,7,21,17,11,10,19,15,16,11,6,9,16,20,15,11,13,6,16,13,19,17,9,12,17,10,9,15,15,5,15,11,23,21,14,11,9,17,16,12,9
12,7,7,17,11,35,11,17,5,12,12,19,21,6,17,21,11,10,5,14,14,12,26,36,11,6,26,12,21,26,21,24,23,6,12,7,13,9,9,8,12,4,15,12,8,26,23,12,17,9,32,32,15,15,7,11,19,30,26,15,12,8,25,15,9,10,19,26,15,0,32,10,10,26,14,12,8,9,11,17,7,27,9,8,26,26,8,7,7,26,30,17,26,17,15,29,13,7,10,10,26,27,17,26,12,19,27,15,37,25,9,8,5,9,5,10,18,26,19,5,27,21,11,11,17,17,20,8,5,9,16,9,19,23,9,19,21,6,10,10,11,17,7,11,10,10,4,8,17,8,7,21,8,7,5,6,19,17,19,6,32,26,23,23,15,25,23,8,6,13,25,7,20,21,21,5,19,6,21,37,9,6,23,21,8,4,21,7
22,30,30,17,38,13,25,20,35,24,22,13,15,33,15,15,37,23,30,23,21,25,10,11,25,33,10,25,18,12,13,17,20,29,25,29,21,27,29,29,25,33,19,22,34,10,13,22,20,25,2,2,22,24,27,24,20,9,12,24,25,36,18,21,25,25,17,10,20,32,0,26,25,10,21,37,24,25,24,19,34,12,26,34,10,10,25,34,33,6,10,17,8,17,22,8,23,30,26,23,8,17,17,6,24,14,14,19,9,17,35,26,33,25,33,37,18,10,18,33,12,15,23,36,17,20,18,26,32,35,20,35,23,13,36,15,15,33,37,25,36,23,33,38,25,25,33,26,18,37,35,15,26,35,31,34,15,20,14,32,2,17,13,11,19,12,11,35,33,24,17,35,18,13,23,33,20,33,16,7,37,28,9,15,33,34,13,25
4,10,10,9,16,29,3,8,11,2,6,13,13,11,11,13,18,4,10,4,8,2,20,28,2,14,20,2,14,18,15,18,14,9,2,9,5,3,7,9,2,9,9,4,13,20,15,4,11,8,24,24,6,9,9,5,12,24,20,12,2,14,21,8,8,4,11,20,6,10,26,0,4,18,8,17,4,1,5,9,15,19,1,12,20,20,3,11,11,20,24,9,18,11,12,23,4,10,6,4,18,20,9,20,7,13,19,7,29,18,13,6,14,2,9,15,12,20,12,9,21,15,3,16,9,11,14,4,13,15,9,15,13,15,14,13,13,9,16,8,16,11,13,16,4,4,9,6,11,15,13,15,4,13,12,10,13,8,13,13,24,20,15,17,7,19,17,13,14,5,18,11,14,13,15,9,11,11,15,29,16,10,17,13,14,10,13,3
6,9,8,11,15,28,3,12,13,6,8,12,16,11,11,17,14,6,9,8,6,6,20,30,6,13,20,6,17,20,16,16,17,8,5,8,5,4,8,8,6,11,11,6,14,20,16,6,11,5,25,25,9,10,6,5,12,24,20,10,6,15,21,11,7,2,13,20,9,10,25,4,0,20,6,14,2,3,6,9,14,22,3,13,20,20,4,12,10,20,24,11,20,11,12,22,8,9,5,2,20,23,11,20,7,13,22,11,30,18,14,5,13,2,12,16,10,20,12,11,22,15,5,15,11,11,12,5,12,12,9,12,14,16,15,13,16,11,15,7,15,12,10,15,2,2,11,5,11,14,12,16,5,12,11,12,13,11,13,14,25,18,16,16,11,19,16,14,13,5,18,13,12,16,16,12,11,11,14,29,14,8,16,15,13,12,15,3
16,26,26,11,32,21,19,14,29,16,18,12,10,27,13,10,32,17,24,15,18,17,6,14,17,30,4,17,15,4,10,17,13,23,17,23,15,21,23,25,17,27,11,16,31,4,12,16,15,22,10,10,15,16,23,18,17,8,6,19,17,30,17,16,22,20,12,4,17,26,10,18,20,0,18,33,20,19,18,11,31,13,19,28,6,4,19,29,27,4,8,13,6,15,21,15,15,26,20,20,6,21,13,4,20,12,13,11,15,17,29,20,30,20,27,31,17,4,17,27,13,9,17,32,13,15,17,20,29,31,14,31,18,12,30,12,10,27,32,22,32,17,29,32,20,20,27,20,15,31,29,10,20,29,28,28,12,14,12,29,10,19,12,10,11,9,12,29,30,20,17,29,17,10,17,27,17,27,11,15,32,24,12,10,30,28,9,19
7,13,13,11,19,24,7,8,16,7,9,13,12,14,11,12,20,6,13,6,2,7,18,28,7,14,18,7,11,20,14,12,14,12,6,12,6,6,12,12,7,15,11,7,15,18,10,9,7,8,21,21,3,10,12,8,6,21,20,8,7,18,17,5,8,6,12,18,5,14,21,8,6,18,0,20,6,7,8,11,15,18,7,15,20,20,8,14,16,18,21,11,18,11,8,18,6,13,11,6,18,17,11,18,10,12,18,9,24,14,16,9,14,6,14,18,8,18,8,14,20,15,8,19,11,7,8,9,13,18,8,18,14,10,19,12,12,15,18,8,19,12,16,19,6,4,15,9,7,18,17,14,9,17,12,15,12,8,12,15,21,12,10,14,9,17,12,16,14,8,12,16,6,12,16,14,7,15,10,26,18,12,12,12,14,15,13,7
19,8,8,22,3,40,14,25,8,19,17,24,28,10,22,28,3,19,10,21,20,19,33,41,19,6,31,19,29,33,28,30,31,10,19,10,18,14,12,8,19,10,24,19,7,31,30,19,25,14,37,37,23,22,10,19,24,35,33,20,18,5,30,25,14,16,24,31,21,12,37,17,14,33,20,0,16,16,19,22,7,34,17,5,33,33,17,7,8,31,35,24,31,22,20,34,21,8,15,16,31,35,24,31,17,24,34,22,42,30,5,13,7,16,8,3,24,31,24,10,34,26,16,3,24,23,24,13,9,3,22,3,24,30,4,24,28,10,3,14,2,22,5,2,16,16,10,13,25,9,6,30,13,8,9,8,24,25,24,9,37,30,30,28,24,30,28,5,7,17,30,8,24,28,26,8,23,8,28,42,3,10,28,28,7,8,28,17
6,9,9,11,15,27,5,12,11,6,6,11,15,10,9,17,16,4,9,8,6,6,20,28,6,13,18,6,17,20,15,16,17,8,5,8,5,4,7,8,6,9,9,6,14,18,16,6,11,5,24,24,9,10,6,5,12,22,20,10,6,14,21,11,7,2,13,18,9,8,24,4,2,20,6,16,0,3,6,9,12,21,3,13,20,20,2,12,10,18,22,11,18,11,11,21,8,9,5,2,18,23,11,18,7,11,21,11,29,18,14,5,12,2,10,16,10,18,12,10,21,13,5,15,11,11,12,5,12,14,9,14,14,16,15,11,15,11,14,7,15,12,12,15,2,2,9,5,11,14,11,15,5,13,11,11,11,11,11,13,24,18,16,15,9,17,15,14,13,5,18,12,12,15,16,10,11,9,14,29,14,8,15,15,13,10,13,1
3,9,9,10,17,28,2,9,12,3,5,12,14,10,10,14,17,5,9,5,7,3,19,27,3,13,19,3,15,19,16,17,15,8,3,8,4,2,8,8,3,10,10,3,12,19,14,5,12,7,23,23,7,10,8,6,11,23,19,11,3,15,21,9,7,3,12,19,7,9,25,1,3,19,7,16,3,0,6,10,14,20,2,11,19,19,4,10,12,19,23,8,17,10,11,22,5,9,7,3,17,21,8,19,7,12,20,8,28,17,12,5,13,1,10,14,13,19,11,10,22,14,2,15,8,12,13,5,12,14,8,14,14,14,15,12,14,10,17,7,15,12,12,17,3,3,10,5,12,14,14,16,5,14,11,11,12,9,12,14,23,19,14,16,8,18,16,12,13,6,17,12,13,14,16,10,12,12,14,28,17,9,16,14,13,11,12,4
4,13,12,9,18,27,8,11,15,6,6,11,15,14,9,16,19,5,11,8,8,6,18,26,5,15,18,6,17,18,15,19,17,11,6,11,5,7,10,12,6,13,9,4,16,18,15,2,8,9,24,24,9,4,11,2,13,22,18,11,6,15,20,11,8,6,11,18,9,11,24,5,6,18,8,19,6,6,0,9,16,21,5,15,18,18,4,14,14,18,22,9,18,11,12,21,7,13,9,6,18,23,9,18,6,11,21,11,27,19,16,9,15,6,14,17,13,18,13,14,21,13,7,18,9,8,13,9,14,16,9,16,8,15,16,11,15,13,18,9,18,6,14,18,6,6,13,9,8,16,16,15,9,17,12,14,11,11,11,15,24,19,15,15,9,17,15,14,15,4,19,15,13,15,10,14,10,14,14,27,18,11,15,15,15,14,13,5
7,17,17,2,23,22,10,8,20,9,9,6,8,18,4,8,23,8,17,8,9,10,13,21,10,21,13,10,14,13,8,18,14,16,10,14,8,12,14,16,10,18,2,7,22,13,10,7,11,13,19,19,8,9,14,9,12,17,13,12,10,23,18,10,13,11,4,13,6,17,19,9,9,11,11,22,9,10,9,0,20,14,10,21,13,13,10,20,16,13,17,4,13,4,12,16,8,17,11,9,13,20,4,13,11,6,14,2,22,18,22,11,21,11,18,24,12,13,12,18,14,8,8,23,4,11,12,11,20,20,5,20,13,10,23,6,8,18,23,13,21,11,18,23,11,11,18,11,11,22,18,8,11,20,19,19,6,8,6,20,19,18,10,10,2,12,10,22,21,9,18,20,12,8,15,18,11,16,11,22,23,15,10,6,21,19,8,10
17,8,7,20,6,35,14,21,5,17,17,22,25,5,20,25,7,15,8,19,15,17,31,39,16,2,29,17,24,31,25,25,28,8,17,10,16,12,11,8,17,7,20,17,2,29,25,17,20,11,34,32,18,20,10,16,19,33,31,15,17,6,27,20,9,12,22,29,18,7,34,15,14,31,15,7,12,14,16,20,0,31,14,6,31,31,13,4,7,29,33,22,29,20,17,29,18,7,13,12,29,30,22,29,16,22,31,20,39,25,5,11,2,14,6,7,19,29,19,7,31,24,16,8,22,20,21,11,4,5,19,5,24,25,6,22,25,7,6,11,6,22,4,6,14,14,7,11,20,8,5,25,11,7,4,5,22,22,22,4,34,27,25,23,20,28,25,5,2,16,25,5,21,25,26,6,20,7,23,39,5,10,25,25,4,6,24,13
19,27,27,12,33,14,20,14,30,19,19,16,6,28,16,8,32,18,27,17,18,20,15,19,19,30,15,20,10,15,6,11,14,26,19,25,20,22,25,26,20,28,12,19,31,15,12,19,17,22,10,12,15,21,24,21,14,13,15,16,20,33,16,14,22,22,11,13,15,27,12,19,22,13,18,34,21,20,21,14,31,0,20,31,13,15,20,30,28,13,13,16,13,16,14,8,18,27,23,22,13,12,16,13,21,16,2,12,17,11,32,21,29,21,28,34,14,13,14,28,2,14,18,33,16,16,14,21,28,32,17,32,20,12,33,16,8,28,32,22,33,21,30,33,22,22,28,21,17,33,30,8,21,31,28,29,16,14,15,28,10,11,12,12,14,13,12,32,30,21,13,30,12,8,21,28,16,28,13,17,32,26,12,8,28,29,14,20
5,10,9,10,16,29,4,9,10,3,7,13,14,10,12,14,17,5,10,5,7,3,21,29,3,13,21,3,15,19,16,17,15,9,3,9,6,3,8,9,3,10,10,5,13,21,16,5,10,7,25,24,7,9,9,4,11,25,21,11,3,14,21,9,7,3,12,21,7,9,26,1,3,19,7,17,3,2,5,10,14,20,0,12,21,21,3,11,12,21,25,10,19,12,12,23,5,10,7,3,19,21,10,21,7,14,20,8,30,17,13,6,13,1,10,15,11,21,11,10,22,16,4,16,10,10,13,5,12,15,10,15,13,16,14,14,14,8,16,8,16,11,13,16,3,3,8,6,10,14,12,16,5,12,11,9,14,9,14,13,25,19,16,17,8,20,17,13,13,4,17,10,13,14,15,10,10,10,15,29,15,9,17,14,14,11,14,2
14,7,7,19,6,37,11,20,4,14,14,21,25,6,19,25,6,14,6,16,15,14,30,38,14,8,28,14,26,30,25,27,26,5,14,7,13,9,11,7,14,7,19,14,4,28,25,14,21,13,34,34,18,19,7,15,21,32,30,17,14,4,28,20,11,13,21,28,18,8,34,12,13,28,15,5,13,11,15,21,6,31,12,0,30,30,13,2,8,28,32,19,28,19,17,31,16,7,12,13,28,32,19,28,15,21,31,19,39,27,1,10,8,11,3,3,21,28,21,6,31,23,13,4,19,21,21,10,8,3,17,3,23,25,4,21,25,6,6,13,4,21,4,6,11,11,6,10,21,8,6,25,10,6,7,3,21,20,21,10,34,27,25,25,19,27,25,1,8,16,27,4,21,25,25,3,22,8,23,39,6,9,25,25,8,4,23,13
16,26,26,13,32,21,19,14,29,18,16,14,10,27,13,12,32,17,26,17,20,19,2,14,19,30,6,19,15,4,10,17,15,25,19,23,17,21,23,25,19,27,11,16,31,6,14,16,17,24,10,10,19,18,23,18,17,10,4,21,19,32,15,18,22,20,12,6,17,26,10,20,20,6,20,33,20,19,18,13,31,13,21,30,0,4,19,29,27,4,10,15,6,13,19,15,17,26,18,20,6,21,15,4,18,12,11,13,15,17,31,20,30,20,27,33,17,6,17,27,13,9,17,32,15,17,17,20,29,31,14,31,18,14,32,12,10,27,32,24,32,17,29,32,20,20,27,20,17,29,29,10,20,27,28,28,14,14,14,29,10,19,14,12,13,9,12,31,30,18,17,29,17,12,17,27,17,27,13,15,32,24,12,12,30,28,9,19
16,26,26,13,32,21,19,16,29,18,16,12,10,27,13,12,32,17,26,17,20,19,4,16,19,30,4,19,15,2,10,17,15,25,19,23,17,21,23,25,19,27,11,16,31,4,12,16,15,24,10,10,17,16,23,18,17,8,4,21,19,32,15,18,22,20,12,4,17,26,10,20,20,4,20,33,20,19,18,13,31,15,21,30,4,0,19,29,27,4,8,15,6,13,21,15,17,26,18,20,6,21,15,4,18,12,13,13,17,17,31,20,30,20,27,33,17,4,17,27,15,9,17,32,15,15,17,20,29,31,14,31,16,12,32,14,10,27,32,24,32,17,29,32,20,20,27,20,15,29,29,10,20,27,28,28,12,16,12,29,10,19,12,12,13,9,12,31,30,18,17,29,17,12,17,27,17,27,13,15,32,24,12,12,30,28,9,19
7,10,10,10,16,28,6,11,11,5,7,12,14,10,10,16,17,3,10,7,7,5,19,29,5,12,19,5,17,21,14,18,17,9,5,9,6,5,8,9,5,9,8,7,14,19,18,5,11,5,25,25,9,8,7,5,14,23,19,11,5,14,21,11,5,4,12,19,9,8,25,3,4,19,8,17,2,4,4,10,13,20,3,13,19,19,0,12,11,19,23,12,19,12,11,22,7,10,6,4,19,23,12,19,8,12,20,10,30,20,14,6,12,4,10,15,12,19,14,11,20,14,6,16,12,11,13,5,12,14,10,14,12,18,14,12,14,10,16,7,16,10,12,16,4,4,9,6,11,14,13,14,5,13,11,11,12,11,12,12,25,19,18,16,8,18,16,12,12,7,20,12,13,14,14,10,13,11,16,30,16,10,16,16,13,10,14,1
13,6,6,20,8,37,10,19,5,13,15,22,24,6,20,24,8,12,6,15,14,13,29,37,13,6,29,13,25,29,24,26,25,6,13,8,14,8,10,6,13,7,18,13,2,29,24,15,21,12,33,33,17,18,8,15,20,32,29,16,13,5,27,19,11,12,21,29,17,7,34,11,12,29,14,7,12,10,14,20,4,30,11,2,29,29,12,0,7,29,32,18,27,18,16,31,15,6,11,12,27,31,18,29,15,21,30,18,38,26,2,11,6,10,4,5,20,29,20,5,30,24,12,6,18,21,20,11,8,4,15,4,22,24,6,21,24,6,8,12,6,20,2,8,10,10,6,11,21,6,5,24,11,7,7,4,21,19,21,8,33,26,24,25,18,27,25,3,6,15,26,5,20,24,24,4,21,7,21,38,8,8,25,24,6,4,22,13
13,3,5,16,9,36,12,19,6,13,13,20,24,2,18,23,7,13,5,15,14,13,27,37,13,6,27,13,23,27,22,26,25,4,13,6,14,10,7,4,13,4,18,13,7,27,24,13,20,9,33,33,17,18,6,14,20,31,27,15,13,8,25,19,10,10,18,27,15,7,33,11,10,27,16,8,10,12,14,16,7,28,12,8,27,27,11,7,0,27,31,18,27,18,16,30,15,3,9,10,27,29,18,27,14,20,30,18,38,26,8,9,6,11,6,10,20,27,20,2,28,22,14,9,18,19,20,9,7,6,18,7,22,24,9,20,24,4,8,9,7,20,5,9,11,12,6,9,20,8,2,24,9,6,7,5,20,19,20,8,33,26,24,24,18,26,24,8,6,13,26,4,20,24,24,6,19,2,24,38,7,5,24,22,6,5,22,11
16,24,24,11,32,19,19,16,29,18,16,10,12,27,9,12,32,17,24,17,18,19,4,12,19,28,4,19,15,6,10,17,15,23,19,23,15,21,23,23,19,27,13,16,31,4,10,16,17,20,6,6,17,18,21,18,17,8,6,19,19,30,17,16,22,20,12,4,17,26,6,20,20,4,18,31,18,19,18,13,29,13,21,28,4,4,19,29,27,0,8,11,2,11,19,13,17,24,20,20,2,21,11,0,18,8,13,13,13,17,29,20,28,20,27,31,15,4,15,27,15,9,17,30,11,15,17,20,27,29,14,29,18,10,30,10,12,27,32,22,30,19,27,32,20,20,27,20,17,31,29,12,20,29,26,28,10,16,10,29,6,17,10,8,13,7,8,29,28,18,17,29,17,12,17,27,15,27,11,11,32,22,8,10,28,28,7,19
20,28,28,17,36,15,23,17,33,22,20,14,14,31,13,15,36,21,28,21,19,23,10,12,22,32,6,23,17,10,15,16,16,27,23,27,19,25,26,27,23,31,17,20,34,6,11,20,18,24,9,10,20,20,25,22,19,4,8,22,23,34,17,19,25,22,17,4,20,30,10,24,24,8,21,35,22,23,22,17,33,13,25,32,10,8,23,32,31,8,0,15,8,15,22,9,21,28,24,22,8,19,15,8,22,13,13,17,12,18,33,24,32,24,31,35,17,4,19,31,13,11,21,34,15,18,17,24,31,33,17,33,20,11,34,13,15,31,36,25,34,20,31,36,23,24,31,24,19,35,33,15,24,33,30,32,12,17,13,32,9,18,11,11,17,8,11,33,32,22,17,33,19,13,19,31,19,31,15,12,36,28,11,13,33,32,13,23
5,17,17,6,23,20,10,10,20,9,7,4,10,18,2,12,23,10,15,8,11,10,13,19,10,21,11,10,14,13,10,18,15,14,10,14,8,10,14,16,10,18,4,5,20,11,6,7,11,13,17,17,10,9,14,9,12,15,13,12,10,21,18,10,13,11,8,11,8,17,17,9,11,13,11,24,11,8,9,4,22,16,10,19,15,15,12,18,18,11,15,0,11,2,12,14,8,17,11,11,11,20,0,11,9,4,16,6,22,16,20,13,21,9,18,22,12,11,10,18,16,8,8,23,0,11,14,13,20,22,7,22,13,6,21,4,10,18,23,13,23,11,20,23,11,11,18,13,11,22,20,10,13,20,19,19,4,10,4,20,17,20,6,8,4,10,8,20,21,11,16,20,14,10,15,18,11,20,13,22,23,15,8,10,21,19,8,12
14,24,24,13,32,19,17,14,29,18,16,10,10,27,9,10,32,17,24,17,18,19,6,10,19,28,4,19,15,6,12,15,15,23,19,23,15,19,23,23,19,27,13,14,29,4,10,16,17,20,6,6,17,16,21,18,15,8,6,21,19,30,17,16,22,20,14,4,17,26,8,18,20,6,18,31,18,17,18,13,29,13,19,28,6,6,19,27,27,2,8,11,0,11,19,13,17,24,20,20,0,21,11,2,18,10,15,11,11,17,29,20,28,18,27,31,15,4,15,27,15,9,15,30,11,15,17,20,27,29,14,29,16,10,30,10,10,27,32,22,30,17,27,32,20,20,27,20,17,31,29,12,20,29,26,28,10,14,10,29,6,17,10,8,13,7,8,29,28,18,17,29,17,10,17,27,15,27,13,11,32,24,8,10,30,28,5,19
7,15,15,6,21,20,10,8,20,9,5,4,10,18,2,10,23,10,15,8,11,10,13,19,10,19,11,10,16,13,10,18,14,14,10,12,8,12,12,14,10,18,4,7,20,11,8,9,11,13,17,17,10,11,12,11,14,15,11,12,10,21,18,12,11,11,8,11,10,17,17,11,11,15,11,22,11,10,11,4,20,16,12,19,13,13,12,18,18,11,15,2,11,0,12,14,8,15,11,11,11,22,2,11,7,4,16,4,22,18,20,11,19,11,18,22,12,11,12,18,16,8,8,21,2,11,12,11,18,20,7,20,13,8,21,4,10,18,21,13,21,11,18,21,11,11,18,11,11,22,20,10,11,20,17,19,4,8,4,18,17,18,8,8,4,10,8,20,19,11,18,20,14,10,15,18,11,18,13,22,21,15,8,10,21,19,8,12
11,13,13,10,19,24,11,11,17,12,11,12,13,15,12,15,19,12,13,11,8,12,21,29,11,16,19,12,13,21,11,12,18,12,12,11,12,12,12,12,12,15,10,11,17,19,13,11,11,8,22,22,8,12,13,13,8,22,21,2,12,19,16,9,8,12,12,19,8,15,22,12,12,21,8,20,11,11,12,12,17,14,12,17,19,21,11,16,16,19,22,12,19,12,0,18,11,13,13,11,19,19,12,19,11,13,16,12,27,14,18,11,15,11,16,20,8,19,8,15,16,16,10,19,12,11,8,13,14,18,11,18,14,13,19,13,13,16,18,8,19,14,16,19,11,12,15,11,11,20,17,13,13,17,14,17,11,12,11,15,22,12,13,13,12,16,13,18,16,11,14,17,6,15,16,16,9,15,14,27,18,12,13,15,14,16,16,12
19,27,27,16,33,6,22,18,31,21,19,10,12,30,12,12,33,20,27,19,18,22,15,17,22,28,11,22,10,15,12,11,18,26,21,26,18,24,25,26,22,30,18,19,31,11,10,19,16,22,8,8,17,21,24,21,12,9,13,16,22,33,16,16,20,22,16,11,17,29,8,23,22,15,18,34,21,22,21,16,29,8,23,31,15,15,22,31,30,13,9,14,13,14,18,0,20,27,23,20,13,12,14,13,21,12,8,16,15,11,32,23,28,22,30,34,12,11,12,30,8,14,20,33,14,16,12,23,27,32,17,32,19,10,33,11,12,29,33,22,33,20,30,33,22,22,29,23,15,34,32,13,23,32,26,30,11,18,11,27,8,13,10,6,16,9,6,32,28,21,9,31,14,10,20,30,16,30,11,15,32,26,6,10,30,31,16,22
6,14,14,8,20,26,7,4,15,3,8,10,12,15,8,12,20,6,14,2,7,3,17,25,2,17,17,3,12,15,12,16,11,13,3,13,6,7,11,13,3,13,6,6,17,17,13,6,9,11,23,23,4,9,13,8,10,21,17,11,3,18,18,6,11,8,9,17,5,13,23,4,8,15,6,21,8,5,7,8,18,18,5,16,17,17,7,15,15,17,21,8,17,8,11,20,0,14,10,8,17,18,8,17,10,10,18,6,26,17,17,10,17,6,13,19,11,17,11,13,18,12,5,20,8,9,13,8,16,18,6,18,13,13,18,10,12,13,20,11,20,11,16,20,8,6,13,10,10,18,17,12,8,17,15,14,10,5,10,16,23,18,13,14,6,16,14,17,17,8,16,15,12,12,15,13,9,15,12,26,20,13,14,12,17,14,12,7
12,2,2,17,9,33,9,18,7,12,10,17,21,5,15,21,8,12,2,14,13,12,26,34,12,6,24,12,24,26,23,25,24,3,12,5,13,7,6,1,12,5,17,12,7,24,23,12,18,7,30,30,16,17,5,12,19,28,26,13,12,8,25,18,7,9,19,24,16,7,30,10,9,26,13,8,9,9,13,17,7,27,10,7,26,26,10,6,3,24,28,17,24,15,13,27,14,0,8,9,24,29,17,24,11,17,27,15,35,25,8,8,6,9,5,10,19,24,19,3,29,19,11,9,17,18,19,6,8,6,17,6,21,23,9,17,21,5,8,7,7,19,5,9,9,9,5,8,18,8,5,23,6,7,7,6,17,18,17,8,30,25,23,21,17,23,21,8,6,12,25,5,19,21,23,5,18,3,23,35,8,4,21,21,7,6,21,10
8,8,8,11,14,29,7,14,11,8,8,13,17,9,11,17,14,8,8,10,9,8,18,30,8,12,20,8,20,18,17,21,20,7,8,5,7,5,5,7,8,9,11,8,13,20,17,8,15,7,26,26,12,13,5,9,15,24,18,13,8,14,22,14,7,5,13,20,12,10,26,6,5,20,11,15,5,7,9,11,13,23,7,12,18,18,6,11,9,20,24,11,20,11,13,23,10,8,0,5,20,26,11,20,9,13,23,11,31,21,13,2,12,7,9,15,15,20,15,9,23,15,9,14,11,15,15,2,11,13,13,13,17,17,14,13,17,9,14,7,14,15,11,14,7,7,9,2,15,11,11,17,2,9,10,10,13,14,13,13,26,21,17,17,11,19,17,13,12,9,21,11,15,17,19,9,15,9,19,31,14,6,17,17,14,10,15,6
6,8,9,11,15,26,3,12,12,6,8,10,16,10,11,17,14,6,8,8,6,6,20,28,6,13,18,6,17,20,16,18,17,8,5,8,5,4,7,8,6,11,11,6,14,18,16,6,11,7,23,25,9,10,6,5,12,22,20,11,6,14,21,11,7,2,13,18,9,10,23,4,2,20,6,16,2,3,6,9,12,22,3,13,20,20,4,12,10,20,22,11,20,11,11,20,8,9,5,0,20,23,11,20,7,13,22,11,29,18,14,5,12,2,10,16,12,18,12,10,22,15,5,15,11,11,10,5,11,14,9,14,14,16,15,13,16,11,14,5,15,12,12,15,2,2,11,5,11,14,12,16,5,13,11,11,11,11,11,12,23,16,16,16,9,19,14,14,13,5,18,12,12,15,16,10,11,11,14,29,14,6,14,15,13,11,15,3
14,24,24,13,32,19,17,14,29,18,16,10,10,27,9,10,32,17,24,17,18,19,6,10,19,28,4,19,15,6,12,15,15,23,19,23,15,19,23,23,19,27,13,14,29,4,10,16,17,20,6,6,17,16,21,18,15,8,6,21,19,30,17,16,22,20,14,4,17,26,8,18,20,6,18,31,18,17,18,13,29,13,19,28,6,6,19,27,27,2,8,11,0,11,19,13,17,24,20,20,0,21,11,2,18,10,15,11,11,17,29,20,28,18,27,31,15,4,15,27,15,9,15,30,11,15,17,20,27,29,14,29,16,10,30,10,10,27,32,22,30,17,27,32,20,20,27,20,17,31,29,12,20,29,26,28,10,14,10,29,6,17,10,8,13,7,8,29,28,18,17,29,17,10,17,27,15,27,13,11,32,24,8,10,30,28,5,19
21,30,30,20,34,10,23,17,31,19,23,22,16,30,22,16,34,20,30,18,19,19,21,22,19,29,21,19,6,21,16,7,17,29,18,27,22,23,27,29,19,29,20,21,32,21,14,23,17,23,17,15,14,23,27,22,11,19,21,17,19,34,16,12,23,23,20,21,14,27,17,20,23,21,17,35,23,21,23,20,30,12,21,32,21,21,23,31,29,21,19,20,21,22,19,12,18,29,26,23,21,0,20,21,24,20,12,20,20,7,33,24,29,21,29,35,13,21,11,29,10,22,22,36,20,17,15,24,28,33,21,33,23,14,34,20,16,29,34,23,34,23,31,34,23,21,29,24,16,34,31,16,24,32,27,30,22,16,22,28,17,9,14,16,20,18,18,33,29,22,5,31,13,14,23,29,17,29,15,20,33,28,18,14,31,30,20,23
5,17,17,6,23,20,10,10,20,9,7,4,10,18,2,12,23,10,15,8,11,10,13,19,10,21,11,10,14,13,10,18,15,14,10,14,8,10,14,16,10,18,4,5,20,11,6,7,11,13,17,17,10,9,14,9,12,15,13,12,10,21,18,10,13,11,8,11,8,17,17,9,11,13,11,24,11,8,9,4,22,16,10,19,15,15,12,18,18,11,15,0,11,2,12,14,8,17,11,11,11,20,0,11,9,4,16,6,22,16,20,13,21,9,18,22,12,11,10,18,16,8,8,23,0,11,14,13,20,22,7,22,13,6,21,4,10,18,23,13,23,11,20,23,11,11,18,13,11,22,20,10,13,20,19,19,4,10,4,20,17,20,6,8,4,10,8,20,21,11,16,20,14,10,15,18,11,20,13,22,23,15,8,10,21,19,8,12
16,24,24,11,32,19,19,16,29,18,16,10,12,27,9,12,32,17,24,17,18,19,4,12,19,28,4,19,15,6,10,17,15,23,19,23,15,21,23,23,19,27,13,16,31,4,10,16,17,20,6,6,17,18,21,18,17,8,6,19,19,30,17,16,22,20,12,4,17,26,6,20,20,4,18,31,18,19,18,13,29,13,21,28,4,4,19,29,27,0,8,11,2,11,19,13,17,24,20,20,2,21,11,0,18,8,13,13,13,17,29,20,28,20,27,31,15,4,15,27,15,9,17,30,11,15,17,20,27,29,14,29,18,10,30,10,12,27,32,22,30,19,27,32,20,20,27,20,17,31,29,12,20,29,26,28,10,16,10,29,6,17,10,8,13,7,8,29,28,18,17,29,17,12,17,27,15,27,11,11,32,22,8,10,28,28,7,19
4,11,9,9,16,27,7,13,13,8,2,11,15,13,9,15,17,7,9,9,10,8,18,26,8,15,18,8,18,18,15,19,19,10,7,8,5,9,8,10,8,12,9,4,16,18,15,6,10,9,24,24,11,10,10,4,15,22,18,11,8,15,19,12,8,7,11,18,11,12,24,7,7,20,10,17,7,7,6,11,16,21,7,15,18,18,8,15,14,18,22,9,18,7,11,21,10,11,9,7,18,24,9,18,0,11,21,9,29,19,16,9,14,8,13,17,15,18,13,12,21,11,7,16,9,10,13,8,13,15,9,15,14,15,16,11,15,13,16,9,16,12,13,16,8,8,11,9,10,16,15,15,8,15,13,13,11,13,11,13,24,19,15,15,11,17,15,15,15,6,19,14,15,15,16,13,11,14,15,29,16,11,15,15,16,13,13,7
9,17,17,6,25,18,12,8,22,11,9,3,10,20,2,9,24,10,17,10,10,12,12,20,11,21,10,12,14,14,10,16,13,16,12,16,8,14,16,16,12,20,8,9,23,10,8,9,9,13,14,14,11,11,14,11,12,13,12,13,12,23,16,10,14,13,6,10,9,19,14,13,13,12,12,24,11,12,11,6,22,16,14,21,12,12,12,21,20,8,13,4,10,4,13,12,10,17,13,13,10,20,4,8,11,0,16,6,20,16,22,13,21,13,20,24,10,10,10,20,16,7,10,23,4,9,10,13,20,22,7,21,13,8,23,2,10,20,24,14,23,12,20,25,13,13,20,13,9,23,22,11,13,22,19,21,2,8,2,21,14,16,8,6,6,8,6,22,21,11,16,22,10,10,14,20,9,20,11,19,24,17,6,10,20,21,7,12
19,27,27,14,33,14,20,14,30,19,19,16,6,28,16,8,32,18,27,17,18,20,13,17,19,30,15,20,10,15,8,11,14,26,19,26,20,22,25,26,20,28,12,19,31,15,12,19,17,22,12,12,15,21,25,21,14,13,15,18,20,33,16,14,22,22,13,15,15,27,14,19,22,13,18,34,21,20,21,14,31,2,20,31,11,13,20,30,30,13,13,16,15,16,16,8,18,27,23,22,15,12,16,13,21,16,0,12,17,13,32,23,29,21,28,34,14,15,14,28,2,14,18,33,16,17,12,21,28,32,17,32,20,12,33,16,6,28,32,22,33,21,30,33,22,22,28,23,17,33,31,6,21,31,28,29,16,14,16,28,12,11,12,12,14,14,12,32,30,21,13,30,12,8,21,28,17,29,13,17,32,26,12,8,28,29,14,20
7,15,15,2,23,22,8,6,18,7,7,6,6,16,4,6,23,8,17,6,9,8,13,21,8,19,13,8,14,11,8,16,12,16,8,14,8,10,14,14,8,16,2,7,20,13,12,9,11,11,17,17,6,11,14,11,12,17,13,12,8,21,18,8,13,11,4,13,6,15,19,7,11,11,9,22,11,8,11,2,20,12,8,19,13,13,10,18,18,13,17,6,11,4,12,16,6,15,11,11,11,20,6,13,9,6,12,0,22,18,20,11,19,9,16,22,12,13,12,16,14,8,6,21,6,11,12,9,18,20,5,20,13,12,21,6,6,16,23,13,21,11,18,23,11,11,16,11,11,22,20,8,9,20,17,17,6,6,6,20,17,18,12,10,2,12,10,20,19,9,18,18,12,6,15,16,11,18,11,22,23,15,10,6,21,17,8,10
25,35,35,24,43,14,28,24,40,27,27,20,18,38,20,18,42,28,35,25,26,28,15,7,28,38,15,28,21,17,20,20,23,34,27,34,26,30,34,34,28,38,24,25,39,15,18,25,23,30,7,7,23,27,32,27,21,13,15,29,28,41,23,22,30,30,23,13,25,37,9,29,30,15,24,42,29,28,27,22,39,17,30,39,15,17,30,38,38,13,12,22,11,22,27,15,26,35,31,29,11,20,22,13,29,20,17,22,0,22,40,31,38,29,38,42,23,13,23,38,17,20,26,41,22,23,25,31,37,40,25,40,27,18,41,20,18,38,42,30,41,28,38,43,29,28,38,31,23,42,40,18,31,40,36,39,19,24,20,37,7,22,18,16,22,15,16,40,38,29,20,40,23,18,26,38,25,38,21,2,42,35,16,18,38,39,16,30
17,25,24,18,29,12,19,16,27,19,19,18,14,26,18,14,29,18,25,17,14,19,17,24,18,24,17,19,6,17,14,4,16,24,18,23,18,18,23,24,19,27,18,17,27,17,12,19,13,18,17,15,14,19,22,17,8,19,17,14,19,29,14,12,18,18,18,17,12,25,17,18,18,17,14,30,18,17,19,18,25,11,17,27,17,17,20,26,26,17,18,16,17,18,14,11,17,25,21,18,17,7,16,17,19,16,13,18,22,0,28,21,24,16,26,30,8,17,6,26,13,18,18,31,16,13,10,21,23,28,17,28,20,12,29,17,14,25,29,20,29,20,26,29,18,18,25,21,11,29,28,14,21,27,22,26,18,16,18,24,17,6,12,12,18,16,14,28,24,17,2,27,10,14,20,26,13,27,13,20,28,24,14,12,26,27,16,19
15,8,8,20,6,38,12,21,5,15,15,22,26,6,20,26,6,14,7,17,16,15,31,39,15,7,29,15,27,31,26,28,27,6,15,8,14,10,11,8,15,7,20,15,3,29,26,15,22,14,35,35,19,20,8,16,22,33,31,18,15,3,29,21,12,14,22,29,19,9,35,13,14,29,16,5,14,12,16,22,5,32,13,1,31,31,14,2,8,29,33,20,29,20,18,32,17,8,13,14,29,33,20,29,16,22,32,20,40,28,0,11,7,12,4,3,22,29,22,7,32,24,14,4,20,22,22,11,8,2,17,2,24,26,4,22,26,6,6,14,4,22,4,6,12,12,7,11,22,8,6,26,11,7,8,4,22,21,22,9,35,28,26,26,20,28,26,2,7,17,28,4,22,26,26,4,23,8,23,40,6,10,26,26,7,5,24,14
8,8,8,9,14,29,5,14,11,8,8,13,17,9,11,17,14,8,6,10,9,8,20,30,8,10,20,8,18,20,15,21,20,5,8,5,7,3,7,7,8,9,11,8,13,20,19,8,15,7,26,26,12,13,3,9,15,24,20,13,8,12,22,14,7,5,11,20,10,8,26,6,5,20,9,13,5,5,9,11,11,21,6,10,20,20,6,11,9,20,24,13,20,11,11,23,10,8,2,5,20,24,13,20,9,13,23,11,31,21,11,0,10,5,9,13,15,20,15,9,21,15,7,12,13,15,15,2,9,11,11,11,17,19,12,13,17,9,14,7,12,15,9,14,5,5,9,0,15,13,9,17,2,11,8,10,13,14,13,11,26,21,19,17,11,19,17,11,10,9,21,11,15,17,19,9,15,9,17,31,14,6,17,17,12,10,15,6
16,6,7,19,6,34,13,20,4,16,16,21,24,4,19,24,6,14,6,18,14,16,30,38,15,1,28,16,23,30,24,24,27,7,15,9,15,11,10,7,16,5,19,16,4,28,24,16,18,10,33,31,17,19,9,14,18,32,30,14,16,5,26,19,8,12,21,28,17,5,33,14,13,30,14,7,12,13,15,21,2,29,13,8,30,30,12,6,6,28,32,21,28,19,15,28,17,6,12,12,28,29,21,28,14,21,29,19,38,24,7,10,0,12,6,7,18,28,18,6,29,23,15,8,21,18,19,10,2,7,19,7,23,24,6,21,24,6,5,10,8,21,6,6,13,12,5,10,18,8,6,24,10,6,3,5,21,21,21,2,33,25,24,22,19,27,24,7,1,15,24,5,19,24,25,6,18,5,22,38,4,8,24,24,3,5,23,11
4,9,9,11,17,28,3,10,11,4,6,12,15,10,11,15,16,6,9,6,6,4,20,28,4,13,20,4,15,20,16,16,16,8,4,8,5,2,8,8,4,11,11,4,12,20,15,6,11,7,24,24,8,10,8,5,10,24,20,11,4,14,21,10,7,2,13,20,7,9,25,2,2,20,6,16,2,1,6,11,14,21,1,11,20,20,4,10,11,20,24,9,18,11,11,22,6,9,7,2,18,21,9,20,8,13,21,9,29,16,12,5,12,0,10,14,12,20,10,10,22,15,3,15,9,11,12,5,12,14,9,14,14,15,15,13,15,9,16,7,15,12,12,17,2,2,9,5,11,14,13,17,5,13,11,10,13,10,13,13,24,18,15,17,9,19,16,12,13,5,16,11,12,15,16,10,11,11,14,28,16,8,16,15,13,11,13,3
13,4,5,18,7,36,10,17,2,11,13,20,22,4,18,22,9,11,4,13,14,11,27,37,11,6,27,11,23,27,22,26,23,4,11,6,12,8,8,4,11,4,16,13,6,27,24,13,20,10,33,33,15,18,6,14,20,31,27,16,11,5,27,17,10,10,20,27,15,5,33,9,12,27,14,8,10,10,14,18,6,28,10,3,27,27,10,4,6,27,31,18,27,18,16,30,13,5,9,10,27,29,18,27,13,20,28,16,38,26,4,9,6,10,0,6,20,27,20,4,28,22,12,7,18,20,20,7,8,6,16,6,22,24,5,20,22,4,7,10,7,20,4,7,10,10,4,9,20,6,4,22,7,4,7,1,20,17,20,8,33,26,24,24,16,26,24,4,6,14,26,2,20,22,24,0,20,5,22,38,7,6,24,22,8,1,22,10
17,10,10,22,4,40,14,23,6,17,17,24,28,8,22,28,5,17,8,19,18,17,33,41,17,7,31,17,29,33,28,30,29,8,17,10,16,12,14,10,17,8,22,17,5,31,28,17,23,16,37,37,21,21,10,17,24,35,33,20,17,3,30,23,14,16,24,31,21,10,37,15,16,31,18,3,16,14,17,24,7,34,15,3,33,33,15,5,10,31,35,22,31,22,20,34,19,10,15,16,31,35,22,31,17,24,34,22,42,30,3,13,7,14,6,0,24,31,24,8,34,26,16,2,22,23,24,13,9,5,20,5,25,28,2,24,28,8,5,16,5,23,7,5,14,14,8,13,23,9,8,28,13,8,9,6,24,23,24,9,37,30,28,28,22,30,28,3,6,19,30,6,24,28,27,6,25,10,26,42,5,12,28,28,6,6,26,15
11,19,18,12,23,18,13,10,21,13,13,13,11,20,12,11,23,10,19,11,6,13,17,25,12,18,17,13,7,17,11,6,14,18,12,18,12,12,17,18,13,19,12,11,21,17,11,13,7,14,18,18,8,12,16,11,2,19,17,6,13,23,14,6,12,10,12,17,8,18,18,12,10,17,8,24,10,13,13,12,19,14,11,21,17,17,12,20,20,15,17,12,15,12,8,12,11,19,15,12,15,13,12,15,15,10,14,12,23,8,22,15,18,12,20,24,0,17,2,20,14,12,12,25,12,7,2,15,17,22,11,22,14,11,23,12,11,19,23,12,25,13,20,23,10,12,19,15,8,24,21,11,15,22,16,20,12,11,12,19,18,8,11,11,10,14,11,22,18,11,8,21,2,9,16,20,8,19,8,23,22,18,11,9,20,20,10,11
16,24,24,13,32,17,19,16,29,18,16,10,10,27,9,12,32,17,24,17,18,19,6,12,19,28,2,19,15,6,12,17,15,23,19,23,15,21,23,23,19,27,13,16,31,2,10,16,17,20,10,10,17,16,21,18,17,4,4,21,19,30,17,16,22,18,14,0,17,26,10,20,20,4,18,31,18,19,18,13,29,13,21,28,6,4,19,29,27,4,4,11,4,11,19,11,17,24,20,18,4,21,11,4,18,10,15,13,13,17,29,20,28,20,27,31,17,0,17,27,15,7,17,30,11,15,17,20,27,29,14,29,16,10,30,10,12,27,32,22,30,17,27,32,20,20,27,20,17,31,29,12,20,29,26,28,8,16,10,29,10,17,10,8,13,7,8,29,28,18,17,29,17,12,17,27,15,27,11,13,32,24,8,10,30,28,9,19
11,19,19,12,23,18,13,10,21,13,13,12,11,20,12,9,23,12,19,11,8,13,17,25,12,18,17,13,7,17,11,8,14,18,12,17,12,12,17,18,13,21,12,11,21,17,11,13,8,12,18,16,8,14,16,11,2,20,17,8,13,23,14,6,12,12,12,17,6,19,18,12,12,17,8,24,12,11,13,12,19,14,11,21,17,17,14,20,20,15,19,10,15,12,8,12,11,19,15,12,15,11,10,15,13,10,14,12,23,6,22,15,18,10,20,24,2,17,0,20,14,12,12,25,10,8,4,15,17,22,11,22,15,11,23,12,11,19,23,14,25,14,20,23,12,12,19,15,8,24,22,11,15,21,16,20,12,11,12,18,18,10,11,9,12,14,11,22,18,11,6,21,4,9,16,20,8,21,8,21,22,18,9,11,20,21,10,13
13,5,5,18,9,36,10,17,4,11,13,20,22,2,18,22,9,12,3,13,14,11,27,37,11,6,27,11,23,27,22,26,23,4,11,6,14,8,9,4,11,2,16,13,5,27,24,13,19,10,33,33,15,18,6,13,20,31,27,15,11,6,25,17,10,10,20,27,15,5,33,9,11,27,14,10,10,10,14,18,7,28,10,6,27,27,11,5,2,27,31,18,27,18,15,30,13,3,9,10,27,29,18,27,12,20,28,16,38,26,7,9,6,10,4,8,20,27,20,0,28,22,12,9,18,19,20,9,6,8,17,8,22,24,7,20,22,4,8,10,9,20,7,9,10,10,4,9,19,8,4,22,9,6,6,5,20,17,20,8,33,26,24,24,16,26,24,6,6,14,26,4,20,22,24,4,20,4,23,38,8,6,24,22,6,3,22,10
19,28,29,12,33,14,22,16,30,19,19,16,8,28,16,10,32,18,27,18,18,20,15,19,20,30,15,20,10,15,6,11,16,26,20,25,20,24,25,28,20,28,12,19,31,15,12,19,17,22,12,12,17,21,24,21,14,13,15,18,20,33,16,16,22,22,11,15,15,27,12,21,22,13,20,34,21,22,21,14,31,2,22,31,13,15,20,30,28,15,13,16,15,16,16,8,18,29,23,22,15,10,16,15,21,16,2,14,17,13,32,21,29,22,28,34,14,15,14,28,0,14,20,33,16,17,12,23,28,32,17,32,21,12,33,16,8,28,32,22,33,22,30,33,22,23,28,21,17,33,30,6,23,32,28,29,16,16,16,28,12,11,12,12,14,13,12,32,30,22,13,30,14,10,21,28,18,28,13,17,32,26,12,10,28,29,14,20
11,19,19,8,25,20,14,11,24,13,9,7,10,22,8,10,27,12,19,12,13,14,9,17,14,23,7,14,16,9,8,16,14,18,14,16,10,16,16,18,14,22,8,11,26,7,10,11,12,17,15,15,14,13,18,13,12,11,7,14,14,25,16,13,15,15,7,7,14,21,15,15,15,9,15,26,13,14,13,8,24,14,16,23,9,9,14,24,22,9,11,8,9,8,16,14,12,19,15,15,9,22,8,9,11,7,14,8,20,18,24,15,23,15,22,26,12,7,12,22,14,0,12,25,8,12,12,15,22,24,9,24,13,10,25,7,8,22,25,17,25,12,22,25,15,15,22,15,12,26,24,8,15,24,21,23,9,11,7,22,15,18,10,8,10,9,10,24,23,13,18,24,12,8,15,22,12,22,11,20,25,19,8,8,25,23,4,14
3,11,11,8,17,26,2,9,14,3,5,10,12,12,8,12,17,6,11,5,8,4,17,25,4,15,17,4,16,17,14,16,15,10,4,8,4,4,10,10,4,12,8,3,14,17,14,5,13,9,21,21,8,11,8,7,12,21,17,12,4,17,20,10,9,5,10,17,8,11,23,3,5,17,8,16,5,2,7,8,16,18,4,13,17,17,6,12,14,17,21,8,15,8,10,20,5,11,9,5,15,22,8,17,7,10,18,6,26,18,14,7,15,3,12,16,12,17,12,12,20,12,0,15,8,11,12,7,14,16,8,16,13,14,17,10,12,12,17,9,17,11,14,17,5,5,12,7,13,16,16,14,7,16,13,13,10,9,10,16,21,18,14,14,8,16,14,14,15,5,18,14,12,12,15,12,11,14,14,26,17,11,14,12,15,13,12,6
18,9,9,21,2,39,13,24,7,18,16,23,27,9,21,27,4,18,9,20,19,18,32,40,18,8,30,17,30,32,27,29,29,9,18,9,17,13,13,9,18,9,23,18,6,30,29,18,24,15,36,36,22,22,9,18,25,34,32,21,18,4,29,24,15,15,23,30,22,11,36,16,15,32,19,3,15,15,18,23,8,33,16,4,32,32,16,6,9,30,34,23,30,21,19,33,20,9,14,15,30,36,23,30,16,23,33,21,41,31,4,12,8,15,7,2,25,30,25,9,33,25,15,0,23,24,23,12,10,4,21,4,24,29,3,23,27,9,4,15,4,22,6,4,15,15,9,12,24,8,7,29,12,8,10,7,23,24,23,10,36,29,29,27,23,29,27,4,7,18,31,7,23,27,26,7,24,9,27,41,4,11,27,27,5,7,27,16
5,17,17,6,23,20,10,10,20,9,7,4,10,18,2,12,23,10,15,8,11,10,13,19,10,21,11,10,14,13,10,18,15,14,10,14,8,10,14,16,10,18,4,5,20,11,6,7,11,13,17,17,10,9,14,9,12,15,13,12,10,21,18,10,13,11,8,11,8,17,17,9,11,13,11,24,11,8,9,4,22,16,10,19,15,15,12,18,18,11,15,0,11,2,12,14,8,17,11,11,11,20,0,11,9,4,16,6,22,16,20,13,21,9,18,22,12,11,10,18,16,8,8,23,0,11,14,13,20,22,7,22,13,6,21,4,10,18,23,13,23,11,20,23,11,11,18,13,11,22,20,10,13,20,19,19,4,10,4,20,17,20,6,8,4,10,8,20,21,11,16,20,14,10,15,18,11,20,13,22,23,15,8,10,21,19,8,12
10,16,16,11,24,22,12,9,19,10,12,10,11,19,9,11,22,11,16,9,7,10,17,25,10,19,15,10,11,15,11,11,15,17,9,16,11,13,15,17,10,18,11,10,20,15,11,8,2,13,20,20,5,9,16,6,8,18,17,9,10,21,15,6,13,11,11,15,5,17,20,11,11,15,7,23,11,12,8,11,20,16,10,21,17,15,11,21,19,15,18,11,15,11,11,16,9,18,15,11,15,17,11,15,10,9,17,11,23,13,22,15,18,11,20,23,7,15,8,19,17,12,11,24,11,0,8,15,17,21,10,22,12,11,22,9,11,18,23,12,22,10,19,24,11,11,17,15,2,22,20,11,15,21,17,19,9,9,9,17,20,13,11,11,11,14,11,21,19,6,13,20,8,11,14,20,2,18,9,23,22,14,11,11,19,19,12,10
13,18,19,12,23,18,11,11,22,14,13,11,11,20,12,11,23,12,18,13,6,14,17,25,13,20,17,14,9,17,11,8,14,18,13,17,12,12,17,18,14,21,12,13,21,17,11,13,9,14,18,20,9,13,16,11,4,17,17,8,14,24,13,8,14,10,12,17,9,20,18,14,12,17,8,24,12,13,13,12,21,14,13,21,17,17,13,20,20,17,17,14,17,12,8,12,13,19,15,10,17,15,14,17,13,10,12,12,25,10,22,15,19,12,20,24,2,17,4,20,12,12,12,23,14,8,0,15,18,23,11,22,14,11,25,12,9,21,22,12,25,13,22,23,10,12,21,15,9,24,22,11,15,22,18,21,10,12,10,20,18,6,11,13,12,14,11,22,20,11,10,22,2,9,16,20,8,21,8,25,22,16,11,9,18,21,12,13
8,6,6,11,14,29,5,12,9,6,6,13,15,7,11,15,14,6,8,8,9,6,20,30,6,10,20,6,18,20,17,21,18,7,6,5,7,3,5,5,6,9,11,8,13,20,19,8,15,5,26,26,10,13,5,9,15,24,20,13,6,12,22,12,7,5,13,20,10,8,26,4,5,20,9,13,5,5,9,11,11,21,5,10,20,20,5,11,9,20,24,13,20,11,13,23,8,6,2,5,20,24,13,20,8,13,21,9,31,21,11,2,10,5,7,13,15,20,15,9,23,15,7,12,13,15,15,0,11,11,11,11,17,19,12,13,15,9,14,7,12,15,9,14,5,5,9,2,15,13,11,17,0,11,10,8,13,12,13,11,26,21,19,17,11,19,17,11,10,9,21,9,15,15,19,7,15,9,17,31,14,6,17,15,12,8,17,5
15,8,8,18,8,33,12,19,6,15,15,20,23,5,18,23,8,13,6,16,13,15,29,37,14,3,27,15,22,29,23,23,26,7,14,8,14,10,9,9,15,7,18,15,6,27,23,15,17,9,32,30,16,18,8,13,17,31,29,12,15,7,24,18,7,11,20,27,16,5,32,13,12,29,13,9,12,12,14,20,4,28,12,8,29,29,12,8,7,27,31,20,27,18,14,27,16,8,11,11,27,28,20,27,13,20,28,18,37,23,8,9,2,12,8,9,17,27,17,6,28,22,14,10,20,17,18,11,0,8,18,8,22,23,8,20,23,7,7,9,10,20,8,8,12,12,7,9,17,10,8,23,11,8,2,7,20,20,20,3,32,24,23,21,18,26,23,8,3,14,23,6,18,23,24,8,17,7,21,37,6,9,23,23,5,7,22,12
17,6,6,20,4,38,14,22,6,17,15,22,26,8,20,26,4,16,8,19,18,17,31,39,16,7,29,17,27,31,26,28,28,8,17,10,16,12,10,6,17,8,22,17,5,29,28,17,23,12,35,35,21,20,10,17,22,33,31,18,17,5,29,22,12,14,22,29,19,9,35,15,12,31,18,3,14,14,16,20,5,32,15,3,31,31,14,4,6,29,33,22,29,20,18,32,18,6,13,14,29,33,22,29,15,22,32,20,40,28,2,11,7,14,6,5,22,29,22,8,32,24,16,4,22,21,23,11,8,0,19,2,24,28,5,22,26,8,4,12,4,22,2,4,14,14,8,11,23,7,5,28,11,6,6,6,22,22,22,9,35,29,28,26,22,28,26,2,7,15,28,6,23,26,26,6,21,7,25,40,4,8,26,26,6,6,26,15
7,17,17,5,23,23,10,7,18,7,7,7,11,16,5,11,23,7,15,6,8,8,14,24,8,19,14,8,15,14,11,17,13,14,8,14,6,10,14,16,8,18,5,7,17,14,13,7,10,13,20,20,7,9,14,9,11,17,14,11,8,20,17,9,12,9,7,14,7,16,20,9,9,14,8,22,9,8,9,5,19,17,10,17,14,14,10,15,18,14,17,7,14,7,11,17,6,17,13,9,14,21,7,14,9,7,17,5,25,17,17,11,19,9,16,20,11,14,11,17,17,9,8,21,7,10,11,11,18,19,0,19,12,13,21,7,11,18,23,13,21,11,17,23,9,9,18,11,10,20,20,11,11,20,17,17,7,7,7,19,20,17,13,11,5,13,11,18,19,9,17,18,11,11,14,16,10,18,6,25,23,15,11,11,19,17,9,10
17,7,6,20,4,38,14,22,6,17,15,22,26,8,20,26,4,16,8,19,18,17,31,39,16,7,29,17,27,31,26,28,28,8,17,10,16,12,11,6,17,8,22,17,5,29,28,17,23,12,35,35,21,20,10,17,22,33,31,18,17,3,27,22,12,14,22,29,19,9,35,15,12,31,18,3,14,14,16,20,5,32,15,3,31,31,14,4,7,29,33,22,29,20,18,32,18,6,13,14,29,33,22,29,15,21,32,20,40,28,2,11,7,14,6,5,22,29,22,8,32,24,16,4,22,22,22,11,8,2,19,0,24,28,4,22,26,8,4,12,4,22,4,4,14,14,8,11,23,6,5,28,11,7,8,6,22,22,22,9,35,28,28,26,22,28,26,2,7,16,28,6,22,26,26,6,22,7,25,40,4,9,26,26,5,6,26,15
12,21,20,13,24,25,14,13,23,12,14,12,15,22,13,16,24,13,19,13,14,12,18,26,12,22,16,12,18,16,15,18,17,19,12,18,13,15,18,20,12,21,15,12,24,16,17,10,11,17,22,22,13,4,18,10,14,20,16,15,11,23,18,14,16,14,12,16,13,19,23,13,14,18,14,24,14,14,8,13,24,20,13,23,18,16,12,22,22,18,20,13,16,13,14,19,13,21,17,14,16,23,13,18,14,13,20,13,27,20,24,17,23,14,22,25,14,16,15,22,21,13,13,24,13,12,14,17,22,24,12,24,0,17,24,13,14,21,24,17,23,2,22,23,14,14,21,17,11,24,24,16,17,25,20,22,11,14,12,22,22,19,17,16,13,17,15,22,23,12,20,23,15,15,2,22,12,22,14,27,24,19,14,15,23,22,13,13
11,23,23,12,29,16,16,12,26,14,13,8,6,24,8,8,28,16,21,13,12,14,12,18,14,24,10,14,8,12,6,12,13,20,13,20,14,16,20,22,14,24,10,11,25,10,0,13,11,18,13,13,9,15,20,15,9,13,12,13,14,27,12,8,16,16,11,10,11,23,13,15,16,12,10,30,16,14,15,10,25,12,16,25,14,12,18,24,24,10,11,6,10,8,13,10,13,23,17,16,10,14,6,10,15,8,12,12,18,12,26,19,24,15,24,28,11,10,11,24,12,10,14,29,6,11,11,19,23,28,13,28,17,0,27,8,6,24,28,18,29,16,26,29,16,14,24,19,9,28,26,6,19,26,22,25,8,11,8,23,13,14,0,4,10,7,4,26,24,16,10,26,11,6,16,24,13,25,7,18,28,21,4,6,24,25,10,17
16,9,9,21,3,39,15,22,5,16,16,23,27,7,21,27,6,16,7,18,19,16,32,40,16,6,30,16,28,32,27,29,28,7,16,9,17,13,13,9,16,7,21,16,6,30,27,16,22,15,36,36,20,20,9,16,23,34,32,19,16,2,31,22,13,15,23,30,20,9,36,14,15,30,19,4,15,15,16,23,6,33,14,4,32,32,14,6,9,30,34,21,30,21,19,33,18,9,14,15,30,34,21,30,16,23,33,21,41,29,4,12,6,15,5,2,23,30,23,7,33,25,17,3,21,22,25,12,8,5,21,4,24,27,0,23,27,7,3,15,3,22,7,3,15,15,7,12,22,8,7,27,12,7,8,5,23,22,23,8,36,31,27,27,21,29,27,4,5,18,29,5,25,27,25,5,24,9,27,41,4,11,27,27,7,5,25,14
9,17,17,6,23,17,12,10,22,11,9,3,10,20,2,10,25,10,17,10,12,12,12,18,12,21,10,12,15,14,10,18,14,16,12,16,8,14,15,16,12,20,8,9,23,10,8,9,11,13,15,14,11,11,14,11,12,13,12,13,12,22,17,10,14,13,6,10,11,19,15,13,13,12,12,24,11,12,11,6,22,16,14,21,12,14,12,21,20,10,13,4,10,4,13,11,10,17,13,13,10,20,4,10,11,2,16,6,20,17,22,13,21,13,20,24,12,10,12,20,16,7,10,23,4,9,12,13,20,22,7,22,13,8,23,0,10,20,23,14,23,11,20,23,13,13,20,13,9,24,22,11,13,22,19,21,2,10,2,20,15,18,8,5,6,6,6,22,21,11,17,22,12,10,14,20,9,20,11,20,23,17,6,10,22,21,9,12
13,21,21,8,27,18,14,10,24,13,13,10,2,22,10,2,26,12,21,12,12,14,12,20,13,24,12,14,10,10,2,12,11,20,13,20,14,16,19,20,14,22,6,13,25,12,6,13,11,16,13,13,9,16,19,15,11,15,12,13,14,27,14,8,16,16,7,12,9,21,15,13,16,10,12,28,15,14,15,8,25,8,14,25,10,10,14,24,24,12,15,10,10,10,13,12,12,21,17,16,10,16,10,12,15,10,6,6,18,14,26,17,24,15,22,28,11,12,11,22,8,8,12,27,10,11,9,15,23,26,11,26,14,6,27,10,0,22,26,16,27,15,24,27,16,16,22,17,11,27,25,2,15,26,22,23,10,10,10,23,13,12,6,6,8,9,6,26,24,15,14,24,9,2,15,22,11,23,7,18,26,20,6,2,22,23,8,14
13,5,5,18,9,35,12,17,4,11,13,20,22,2,18,22,9,11,5,13,15,11,27,37,11,6,27,11,23,27,22,25,23,4,11,6,14,10,9,6,11,2,16,13,7,27,24,13,18,11,33,32,15,17,6,12,19,31,27,15,11,7,26,17,9,11,20,27,15,6,33,9,11,27,15,10,11,10,13,18,7,28,8,6,27,27,10,6,4,27,31,18,27,18,16,29,13,5,9,11,27,29,18,27,13,20,28,16,38,25,6,9,6,9,4,8,19,27,19,4,28,22,12,9,18,18,21,9,7,8,18,8,21,24,7,20,22,0,8,11,9,19,7,9,11,11,2,9,18,8,4,22,9,6,7,3,20,17,20,8,33,27,24,23,16,26,24,7,6,12,25,2,21,22,23,4,18,2,23,37,7,7,24,22,6,5,22,10
18,8,9,23,2,39,15,24,6,18,16,24,28,8,23,28,3,18,8,19,18,18,32,40,18,6,32,18,28,32,26,28,29,9,17,9,19,15,10,9,18,8,23,18,7,32,28,18,23,14,37,36,21,21,11,17,23,36,32,19,17,3,29,23,13,14,23,32,21,10,37,16,15,32,18,3,14,17,18,23,6,32,16,6,32,32,16,8,8,32,36,23,32,21,18,33,20,8,14,14,32,34,23,32,16,24,32,23,42,29,6,14,5,16,7,5,23,32,23,8,32,25,17,4,23,23,22,14,7,4,23,4,24,28,3,23,26,8,0,14,3,22,6,1,16,14,8,14,23,8,6,28,14,8,8,7,25,23,25,7,37,28,28,27,23,29,28,6,6,17,29,6,22,28,25,7,23,8,26,42,1,10,28,28,5,6,27,15
10,7,7,13,15,28,7,14,12,10,8,15,16,11,13,14,14,9,9,12,6,10,24,32,9,10,22,10,17,24,18,18,20,8,10,9,9,8,6,6,10,11,13,10,11,22,18,10,12,2,25,25,9,13,7,10,14,25,22,6,10,14,20,11,2,7,15,22,9,10,25,8,7,22,8,14,7,7,9,13,11,22,8,13,24,24,7,12,9,22,25,13,22,13,8,22,11,7,7,5,22,23,13,22,9,14,22,13,30,20,14,7,10,7,10,16,12,22,14,10,22,17,9,15,13,12,12,7,9,12,13,12,17,18,15,14,16,11,14,0,13,15,10,15,7,7,11,7,13,13,11,18,7,13,8,11,14,14,14,9,25,18,18,16,13,19,16,14,10,10,20,12,12,16,19,10,12,10,16,30,14,8,16,16,10,11,19,8
18,7,7,21,4,39,15,24,7,18,16,23,27,9,21,27,4,18,9,20,19,18,32,40,18,7,30,18,28,32,27,31,30,9,18,11,17,13,11,7,18,9,23,18,7,30,29,18,24,13,36,36,22,20,9,18,25,34,32,19,17,4,30,24,13,15,23,30,20,11,36,16,15,32,19,2,15,15,18,21,6,33,16,4,32,32,16,6,7,30,34,23,30,21,19,33,20,7,14,15,30,34,23,30,16,23,33,21,41,29,4,12,8,15,7,5,25,30,25,9,33,25,17,4,23,22,25,12,10,4,21,4,23,29,3,23,27,9,3,13,0,22,6,2,15,15,9,12,24,9,5,29,12,7,10,7,23,24,23,8,36,31,29,27,23,29,27,5,8,16,31,7,25,27,24,7,22,7,27,41,4,9,27,27,8,7,27,16
10,19,18,13,22,26,12,11,21,10,12,10,15,20,11,15,24,11,17,11,12,10,17,27,10,20,17,10,18,15,16,17,18,17,10,16,11,13,16,18,10,19,13,10,22,17,16,8,9,15,23,23,11,2,17,8,13,20,17,13,9,21,17,12,14,12,12,17,11,17,23,11,12,17,12,22,12,12,6,11,22,21,11,21,17,17,10,20,20,19,20,11,17,11,14,20,11,19,15,12,17,23,11,19,12,12,21,11,28,20,22,15,21,12,20,23,13,17,14,20,22,12,11,22,11,10,13,15,20,22,11,22,2,16,22,11,15,19,22,15,22,0,20,21,12,12,19,15,9,22,22,17,15,23,18,20,10,12,10,21,23,18,16,16,11,17,14,20,21,10,19,21,14,15,4,20,12,20,15,28,22,17,14,14,21,20,12,11
15,4,4,18,6,36,12,20,5,15,13,20,24,7,18,24,6,14,6,17,16,15,29,37,14,6,27,15,25,29,24,26,26,6,15,8,14,10,8,4,15,7,20,15,4,27,26,15,21,10,33,33,19,18,8,15,20,31,29,16,15,7,27,20,10,12,20,27,17,7,33,13,10,29,16,5,12,12,14,18,4,30,13,4,29,29,12,2,5,27,31,20,27,18,16,30,16,5,11,12,27,31,20,27,13,20,30,18,38,26,4,9,6,12,4,7,20,27,20,7,30,22,14,6,20,19,22,9,8,2,17,4,22,26,7,20,24,7,6,10,6,20,0,6,12,12,6,9,21,5,3,26,9,5,7,4,20,20,20,8,33,28,26,24,20,26,24,4,6,13,26,5,22,24,24,4,19,5,23,38,6,6,24,24,6,4,24,13
18,9,9,23,2,39,15,24,7,18,16,25,29,9,23,29,4,18,9,20,19,18,32,40,18,5,32,18,28,32,27,29,30,9,18,9,19,15,11,9,18,9,23,18,8,32,29,18,24,15,38,36,22,21,11,18,23,36,32,19,17,4,30,24,13,15,23,32,22,11,38,16,15,32,19,2,15,17,18,23,6,33,16,6,32,32,16,8,9,32,36,23,32,21,19,33,20,9,14,15,32,34,23,32,16,25,33,23,43,29,6,14,6,17,7,5,23,32,23,9,33,25,17,4,23,24,23,14,8,4,23,4,23,29,3,23,27,9,1,15,2,21,6,0,17,15,9,14,24,9,7,29,14,8,8,7,25,24,25,8,38,29,29,27,23,29,29,6,6,18,29,7,23,29,24,7,24,9,27,43,2,11,29,29,6,7,27,16
6,9,9,11,17,28,3,12,12,6,8,12,16,10,11,16,14,6,9,7,4,6,20,28,6,13,20,6,17,20,16,16,17,8,5,8,5,2,8,8,6,11,11,6,12,20,16,6,11,7,25,25,9,10,8,5,12,24,20,12,6,15,21,11,7,2,13,20,9,10,25,4,2,20,6,16,2,3,6,11,14,22,3,11,20,20,4,10,11,20,23,11,20,11,11,22,8,9,7,2,20,23,11,20,8,13,22,11,29,18,12,5,13,2,10,14,10,20,12,10,22,15,5,15,11,11,10,5,12,14,9,14,14,16,15,13,16,11,16,7,15,12,12,17,0,2,11,5,11,14,13,16,5,13,11,11,13,11,13,13,25,16,16,16,9,19,16,12,13,5,18,12,10,14,16,10,11,11,14,29,16,8,16,14,13,11,15,3
6,9,9,11,15,28,3,10,12,4,8,12,16,10,11,16,16,6,9,6,6,4,20,30,4,13,20,4,15,20,17,16,15,8,3,8,5,2,8,8,4,11,11,6,12,20,14,6,11,7,25,25,7,10,8,5,10,24,20,12,4,15,21,9,9,2,13,20,9,10,25,4,2,20,4,16,2,3,6,11,14,22,3,11,20,20,4,10,12,20,24,11,20,11,12,22,6,9,7,2,20,21,11,20,8,13,22,11,28,18,12,5,12,2,10,14,12,20,12,10,23,15,5,15,11,11,12,5,12,14,9,14,14,14,15,13,16,11,14,7,15,12,12,15,2,0,11,5,11,14,13,17,5,13,11,11,13,9,13,13,25,16,14,17,11,19,16,12,13,5,16,12,10,16,16,10,11,11,14,30,14,8,16,16,13,11,15,3
13,5,5,18,9,35,12,17,2,11,13,20,22,4,18,22,9,11,3,13,15,11,27,37,11,6,27,11,23,27,22,25,23,4,11,6,14,10,9,6,11,2,16,13,7,27,24,13,17,11,33,32,15,17,6,11,19,31,27,15,11,6,27,17,9,11,20,27,15,4,33,9,11,27,15,10,9,10,13,18,7,28,8,6,27,27,9,6,6,27,31,18,27,18,15,29,13,5,9,11,27,29,18,27,11,20,28,16,38,25,7,9,5,9,4,8,19,27,19,4,28,22,12,9,18,17,21,9,7,8,18,8,21,24,7,20,22,2,8,11,9,19,6,9,11,11,0,9,17,8,6,22,9,4,7,3,20,17,20,7,33,27,24,23,16,26,24,6,6,12,25,4,21,22,23,4,18,4,23,37,7,7,24,22,7,3,22,8
8,8,8,9,14,29,5,14,11,8,8,13,17,9,11,17,14,8,6,10,9,8,20,30,8,10,20,8,18,20,15,21,20,5,8,5,7,3,7,7,8,9,11,8,13,20,19,8,15,7,26,26,12,13,3,9,15,24,20,13,8,12,22,14,7,5,11,20,10,8,26,6,5,20,9,13,5,5,9,11,11,21,6,10,20,20,6,11,9,20,24,13,20,11,11,23,10,8,2,5,20,24,13,20,9,13,23,11,31,21,11,0,10,5,9,13,15,20,15,9,21,15,7,12,13,15,15,2,9,11,11,11,17,19,12,13,17,9,14,7,12,15,9,14,5,5,9,0,15,13,9,17,2,11,8,10,13,14,13,11,26,21,19,17,11,19,17,11,10,9,21,11,15,17,19,9,15,9,17,31,14,6,17,17,12,10,15,6
10,18,17,11,24,21,14,9,19,12,12,11,11,19,11,13,22,11,16,10,7,12,17,25,11,19,17,12,11,15,11,13,15,17,11,17,11,13,16,18,12,18,11,10,20,17,9,8,2,13,18,20,7,8,17,6,7,18,17,10,12,21,15,6,13,11,11,17,7,17,18,11,11,15,7,25,11,12,8,11,20,17,10,21,17,15,11,21,20,17,19,11,17,11,11,15,10,18,15,11,17,16,11,17,10,9,17,11,23,11,22,15,18,11,20,23,8,17,8,19,17,12,13,24,11,2,9,15,17,23,10,23,11,9,22,9,11,18,23,13,24,9,21,24,11,11,17,15,0,22,22,11,15,21,17,19,11,9,11,17,18,13,9,11,11,14,9,21,19,8,11,20,9,11,13,20,4,20,9,23,22,16,9,11,19,19,12,10
17,7,7,22,9,40,14,22,6,17,17,24,28,8,22,27,7,17,7,19,18,17,29,41,16,8,31,17,28,29,27,30,29,8,17,10,16,12,11,8,17,8,22,17,8,31,28,17,22,14,37,37,21,20,10,16,24,34,29,19,17,7,27,22,14,14,23,31,21,8,37,15,14,31,18,9,14,14,16,22,8,33,14,8,29,29,14,6,8,31,35,22,31,22,20,34,18,8,11,14,31,34,22,31,16,23,33,22,42,29,8,13,8,14,6,9,24,31,24,8,33,26,16,8,22,22,24,13,10,7,20,6,24,28,8,24,27,8,8,13,9,22,5,9,14,14,8,13,22,0,6,28,13,6,10,5,24,23,24,10,37,30,28,28,22,30,28,8,8,16,30,6,24,28,26,6,22,8,25,42,8,9,28,28,8,5,26,14
15,5,6,18,7,38,14,21,4,15,15,22,25,4,20,25,5,15,6,17,16,15,29,39,15,7,29,15,25,29,24,27,27,6,15,8,16,12,9,6,15,4,20,15,5,29,26,15,22,11,35,35,19,20,8,16,22,33,29,17,15,6,27,21,12,12,20,29,17,7,35,13,12,29,17,6,11,14,16,18,5,30,12,6,29,29,13,5,2,29,33,20,29,20,17,32,17,5,11,12,29,31,20,29,15,22,31,20,40,28,6,9,6,13,4,8,21,29,22,4,30,24,16,7,20,20,22,11,8,5,20,5,24,26,7,22,25,4,6,11,5,22,3,7,13,13,6,9,22,6,0,25,11,4,9,3,22,21,22,8,35,28,26,26,20,28,26,6,7,14,28,2,22,26,26,4,20,2,25,40,5,7,26,24,7,3,24,12
13,23,23,8,29,19,16,10,24,13,13,12,2,22,12,4,28,12,21,12,12,14,12,20,14,24,12,14,10,12,2,14,11,20,14,20,14,18,20,22,14,22,6,13,25,12,6,13,11,18,15,15,11,16,20,15,11,15,12,13,14,27,12,10,16,16,7,12,11,21,15,15,16,10,14,30,15,16,15,8,25,8,16,25,10,10,14,24,24,12,15,10,12,10,13,13,12,23,17,16,12,16,10,12,15,11,6,8,18,14,26,17,24,17,22,28,11,12,11,22,6,8,14,29,10,11,11,17,23,28,11,28,16,6,27,11,2,22,28,18,29,17,26,29,16,17,22,17,11,28,25,0,17,26,22,23,11,10,12,23,15,14,6,8,8,11,8,26,24,16,14,24,11,4,16,22,13,23,7,18,28,22,8,4,24,23,10,14
8,6,6,11,14,29,5,12,9,6,6,13,15,7,11,15,14,6,8,8,9,6,20,30,6,10,20,6,18,20,17,21,18,7,6,5,7,3,5,5,6,9,11,8,13,20,19,8,15,5,26,26,10,13,5,9,15,24,20,13,6,12,22,12,7,5,13,20,10,8,26,4,5,20,9,13,5,5,9,11,11,21,5,10,20,20,5,11,9,20,24,13,20,11,13,23,8,6,2,5,20,24,13,20,8,13,21,9,31,21,11,2,10,5,7,13,15,20,15,9,23,15,7,12,13,15,15,0,11,11,11,11,17,19,12,13,15,9,14,7,12,15,9,14,5,5,9,2,15,13,11,17,0,11,10,8,13,12,13,11,26,21,19,17,11,19,17,11,10,9,21,9,15,15,19,7,15,9,17,31,14,6,17,15,12,8,17,5
15,7,7,20,8,38,14,21,2,15,15,22,25,6,20,26,7,15,7,17,17,15,27,39,15,7,29,15,27,27,26,28,27,6,15,8,16,12,11,8,15,6,20,15,7,29,26,15,21,13,35,35,19,21,8,15,22,33,27,18,15,6,27,21,12,13,22,29,19,7,35,13,12,29,17,8,13,14,17,20,7,31,12,6,27,27,13,7,6,29,33,20,29,20,17,32,17,7,9,13,29,32,20,29,15,22,31,20,40,27,7,11,6,13,4,8,22,29,21,6,32,24,16,8,20,21,22,11,8,6,20,7,25,26,7,22,26,6,8,13,7,23,5,8,13,13,4,11,21,6,4,26,11,0,8,3,22,21,22,8,35,28,26,26,20,28,26,6,7,15,27,4,22,26,27,4,21,6,25,40,7,9,26,26,9,3,24,12
14,7,7,17,8,32,11,18,6,14,14,19,22,6,17,22,9,13,6,16,12,14,28,36,13,3,26,14,21,28,22,22,25,6,14,7,13,9,9,8,14,8,17,14,6,26,22,14,17,8,31,29,15,16,7,13,16,30,28,12,14,8,24,17,6,11,19,26,15,5,31,12,11,28,12,9,11,11,12,19,4,28,11,7,28,28,11,7,7,26,30,19,26,17,14,26,15,7,10,11,26,27,19,26,13,19,28,17,36,22,8,8,3,11,7,9,16,26,16,6,28,21,13,10,19,17,18,10,2,6,17,8,20,22,8,19,22,7,8,8,10,18,7,8,11,11,7,8,17,10,9,22,10,8,0,6,19,19,19,4,31,24,22,20,17,25,22,6,3,14,22,7,18,22,22,7,17,8,20,36,7,8,22,22,5,7,21,12
14,5,4,19,7,36,11,18,1,12,14,21,23,3,19,23,8,12,5,14,15,12,28,38,12,5,28,12,24,28,23,26,24,5,12,7,13,9,9,5,12,5,17,14,6,28,25,14,19,11,34,33,16,18,7,13,20,32,28,16,12,5,27,18,10,11,21,28,16,6,34,10,12,28,15,8,11,11,14,19,5,29,9,3,28,28,11,4,5,28,32,19,28,19,17,30,14,6,10,11,28,30,19,28,13,21,29,17,39,26,4,10,5,10,1,6,20,28,20,5,29,23,13,7,19,19,21,8,7,6,17,6,22,25,5,21,23,3,7,11,7,20,4,7,11,11,3,10,19,5,3,23,8,3,6,0,21,18,21,7,34,27,25,24,17,27,25,4,5,13,26,1,21,23,24,1,19,5,23,38,6,7,25,23,7,2,23,11
9,17,17,6,25,17,12,8,22,11,9,3,10,20,2,10,25,10,17,10,10,12,14,18,11,21,10,12,16,14,10,17,14,16,12,16,8,14,15,16,12,20,8,9,23,10,8,9,11,13,14,15,11,11,14,11,12,12,12,13,12,23,16,10,14,13,6,8,11,19,15,13,13,12,12,24,11,12,11,6,22,16,14,21,14,12,12,21,20,10,12,4,10,4,11,11,10,17,13,11,10,22,4,10,11,2,16,6,19,18,22,13,21,13,20,24,12,8,12,20,16,9,10,23,4,9,10,13,20,22,7,22,11,8,23,2,10,20,25,14,23,10,20,25,13,13,20,13,11,24,22,11,13,22,19,21,0,8,2,21,14,16,8,6,6,8,5,22,21,11,18,22,12,10,13,20,9,20,10,19,25,17,6,9,22,21,9,12
10,18,18,8,24,24,11,1,19,7,12,9,8,19,10,9,23,10,18,6,9,7,14,24,7,21,16,7,10,14,10,14,6,17,6,17,10,11,15,17,7,17,8,10,21,16,11,10,9,15,19,20,5,11,17,11,10,17,14,12,7,22,16,6,15,11,6,16,6,17,20,8,11,14,8,25,11,9,11,8,22,14,9,20,14,16,11,19,19,16,17,10,14,8,12,18,5,18,14,11,14,16,10,16,13,8,14,6,24,16,21,14,21,10,17,23,11,16,11,17,16,11,9,24,10,9,12,12,20,22,7,22,14,11,22,10,10,17,23,14,24,12,20,24,11,9,17,14,9,23,21,10,12,21,19,18,8,0,8,20,19,16,11,13,6,14,12,21,21,11,14,19,10,9,14,17,9,19,11,24,23,17,13,10,21,18,11,11
9,17,17,6,25,17,12,8,22,11,9,1,10,20,2,10,25,10,17,10,10,12,14,20,12,21,8,12,16,14,10,18,14,16,12,16,8,14,15,16,12,20,8,9,23,8,8,9,9,13,15,15,11,11,14,11,12,13,12,11,12,23,16,10,14,13,6,10,9,19,14,13,13,12,12,24,11,12,11,6,22,15,14,21,14,12,12,21,20,10,13,4,10,4,11,11,10,17,13,11,10,22,4,10,11,2,16,6,20,18,22,13,21,13,20,24,12,10,12,20,16,7,10,23,4,9,10,13,20,22,7,22,12,8,23,2,10,20,25,14,23,10,20,25,13,13,20,13,11,24,22,12,13,22,19,21,2,8,0,21,15,16,8,6,6,8,6,22,21,11,18,22,12,9,14,20,9,20,11,19,25,17,5,9,22,21,7,12
15,8,9,20,8,33,14,19,6,15,15,21,23,6,20,23,8,15,8,17,15,15,29,37,14,3,29,15,22,29,23,25,26,9,15,8,16,12,9,9,15,7,18,15,6,29,23,15,17,9,32,30,16,19,8,14,19,32,29,13,15,7,25,18,7,13,22,29,16,6,32,13,14,29,15,9,13,14,15,20,4,28,13,10,29,29,12,8,8,29,32,20,29,18,15,27,16,8,13,12,29,28,20,29,13,21,28,20,37,24,9,11,2,13,8,9,19,29,18,8,28,22,16,10,20,17,20,11,3,9,19,9,22,23,8,20,23,8,7,9,8,21,8,8,13,13,7,11,17,10,8,23,11,8,4,7,21,20,21,0,32,26,23,21,20,26,23,9,3,14,24,7,20,23,24,8,17,7,23,37,6,7,23,23,5,7,24,12
20,30,30,17,38,13,23,19,35,24,22,15,13,33,15,13,37,23,30,22,21,25,10,9,24,33,10,25,16,12,13,17,18,29,24,29,21,25,29,29,25,33,19,20,34,10,13,22,20,25,0,2,20,22,27,24,18,8,12,24,25,36,20,19,25,25,17,10,20,32,2,24,25,10,21,37,24,23,24,19,34,10,25,34,10,10,25,33,33,6,9,17,6,17,22,8,23,30,26,23,6,17,17,6,24,14,12,17,7,17,35,26,33,24,33,37,18,10,18,33,12,15,21,36,17,20,18,26,32,35,20,35,22,13,36,15,13,33,37,25,36,23,33,38,25,25,33,26,18,37,35,15,26,35,31,34,14,19,15,32,0,17,13,11,19,12,9,35,33,24,17,35,18,13,22,33,20,33,14,7,37,28,11,13,33,34,11,25
19,24,25,18,29,14,17,16,28,19,19,17,14,26,18,14,29,18,24,18,12,19,17,24,19,26,17,19,8,19,14,2,17,24,18,23,18,18,23,24,19,27,18,19,27,17,14,19,13,20,17,19,14,19,22,17,8,18,17,14,19,30,14,12,20,16,18,17,15,26,17,20,18,19,12,30,18,19,19,18,27,11,19,27,19,19,19,26,26,17,18,20,17,18,12,13,18,25,21,16,17,9,20,17,19,16,11,18,22,6,28,21,25,18,26,30,8,17,10,26,11,18,18,29,20,13,6,21,24,29,17,28,19,14,31,18,12,27,28,18,31,18,28,29,16,16,27,21,13,30,28,14,21,28,24,27,16,16,16,26,17,0,14,14,18,16,12,28,26,17,4,28,6,12,19,26,13,27,13,22,28,22,14,12,24,27,18,19
11,23,23,12,29,16,16,12,26,14,13,8,6,24,8,8,28,16,21,13,12,14,12,18,14,24,10,14,8,12,6,12,13,20,13,20,14,16,20,22,14,24,10,11,25,10,0,13,11,18,13,13,9,15,20,15,9,13,12,13,14,27,12,8,16,16,11,10,11,23,13,15,16,12,10,30,16,14,15,10,25,12,16,25,14,12,18,24,24,10,11,6,10,8,13,10,13,23,17,16,10,14,6,10,15,8,12,12,18,12,26,19,24,15,24,28,11,10,11,24,12,10,14,29,6,11,11,19,23,28,13,28,17,0,27,8,6,24,28,18,29,16,26,29,16,14,24,19,9,28,26,6,19,26,22,25,8,11,8,23,13,14,0,4,10,7,4,26,24,16,10,26,11,6,16,24,13,25,7,18,28,21,4,6,24,25,10,17
13,21,21,10,27,12,16,12,25,15,13,6,6,24,6,6,28,14,21,14,12,16,12,18,16,22,8,16,10,12,6,14,14,20,16,20,12,18,19,20,16,24,12,13,25,8,4,13,11,16,11,9,13,15,18,15,11,11,12,13,16,27,14,12,14,16,10,8,13,23,11,17,16,10,14,28,15,16,15,10,23,12,17,25,12,12,16,25,24,8,11,8,8,8,13,6,14,21,17,16,8,16,8,8,15,6,12,10,16,12,26,17,22,17,24,28,11,8,9,24,12,8,14,27,8,11,13,17,21,26,11,26,16,4,27,5,6,23,27,16,27,16,24,27,16,17,23,17,11,28,26,8,17,26,20,24,6,13,6,21,11,14,4,0,10,5,2,26,22,15,12,25,13,6,16,24,11,24,7,16,26,21,2,6,24,25,10,16
7,17,17,2,23,22,10,6,18,7,9,6,8,16,4,8,23,6,17,6,9,8,13,21,8,19,13,8,14,13,8,16,12,16,8,16,8,10,14,16,8,16,2,7,20,13,10,7,11,13,19,19,6,9,14,9,12,17,13,12,8,21,18,8,13,11,4,13,6,15,19,7,11,11,9,24,9,8,9,2,20,14,8,19,13,13,8,18,18,13,17,4,13,4,12,16,6,17,11,9,13,20,4,13,11,6,14,2,22,18,20,11,19,9,16,22,10,13,12,16,14,10,8,23,4,11,12,11,18,22,5,22,13,10,21,6,8,16,23,13,23,11,20,23,9,11,16,11,11,22,20,8,11,20,17,17,6,6,6,20,19,18,10,10,0,12,10,20,19,9,18,18,12,6,15,16,11,18,11,22,23,15,10,8,21,17,8,8
15,23,23,12,29,15,18,13,28,17,15,9,9,26,8,9,31,16,23,16,15,18,7,15,18,27,7,18,14,9,9,16,14,22,18,22,14,20,19,22,18,26,13,15,28,7,7,15,14,19,12,11,16,17,20,17,14,8,9,18,18,28,16,15,19,19,12,7,16,25,12,19,19,9,17,30,17,18,17,12,28,13,20,27,9,9,18,27,26,7,8,10,7,10,16,9,16,23,19,19,7,18,10,7,17,8,14,12,15,16,28,19,27,19,26,30,14,7,14,26,13,9,16,29,10,14,14,19,26,28,13,28,17,7,29,6,9,26,29,19,29,17,26,29,19,19,26,19,14,30,28,11,19,28,25,27,8,14,8,26,12,16,7,5,12,0,5,28,27,17,16,28,16,9,16,26,14,26,10,15,29,23,5,9,27,27,10,18
13,21,21,10,29,12,16,12,26,15,13,6,6,24,6,6,28,14,21,13,12,16,12,18,16,24,8,16,12,12,6,12,14,20,15,20,12,18,20,20,16,24,12,13,25,8,4,13,11,16,9,11,11,15,18,15,9,9,12,15,16,27,12,10,16,16,10,8,13,23,11,17,16,12,12,28,15,16,15,10,25,12,17,25,12,12,16,25,24,8,11,8,8,8,13,6,14,21,17,14,8,18,8,8,15,6,12,10,16,14,26,17,24,16,24,28,11,8,11,24,12,10,14,27,8,11,11,17,23,26,11,26,15,4,27,6,6,24,28,16,27,14,24,29,16,16,24,17,9,28,26,8,17,26,22,25,5,12,6,23,9,12,4,2,10,5,0,26,24,15,14,26,11,6,16,24,11,24,5,16,28,20,2,4,24,25,10,16
15,8,8,20,6,38,12,21,4,15,15,22,26,7,20,26,6,15,6,17,16,15,31,39,15,7,29,15,27,31,26,28,27,6,15,8,14,10,11,8,15,7,20,15,4,29,26,15,21,14,35,35,19,18,8,15,22,33,31,18,15,4,29,21,12,14,22,29,19,8,35,13,14,29,16,5,14,12,14,22,5,32,13,1,31,31,12,3,8,29,33,20,29,20,18,32,17,8,13,14,29,33,20,29,15,22,32,20,40,28,2,11,7,12,4,3,22,29,22,6,32,24,14,4,20,21,22,11,8,2,18,2,22,26,4,22,26,7,6,14,5,20,4,6,12,12,6,11,21,8,6,26,11,6,6,4,22,21,22,9,35,28,26,26,20,28,26,0,7,17,28,5,22,26,24,4,23,8,24,40,6,10,26,26,7,4,24,13
16,7,7,19,5,34,13,20,5,16,16,21,24,4,19,24,7,14,7,18,14,16,30,38,15,1,28,15,23,30,24,24,27,7,16,9,15,11,11,7,16,6,19,16,4,28,24,16,19,10,33,31,17,19,9,15,18,32,30,14,16,6,26,19,8,13,21,28,17,6,33,14,13,30,14,7,13,13,15,21,2,30,13,8,30,30,12,6,6,28,32,21,28,19,16,28,17,6,12,13,28,29,21,28,15,21,30,19,38,24,7,10,1,13,6,6,18,28,18,6,30,23,15,7,21,19,20,10,3,7,19,7,23,24,5,21,24,6,6,10,8,21,6,6,13,13,6,10,19,8,7,24,10,7,3,5,21,21,21,3,33,26,24,22,19,27,24,7,0,16,24,5,20,24,25,6,19,6,22,38,5,9,24,24,2,6,23,12
6,10,10,11,18,27,6,12,14,6,6,11,15,13,9,15,16,6,12,7,8,6,18,28,6,16,18,6,16,18,16,17,17,12,5,10,5,7,9,11,6,14,11,6,17,18,16,4,8,10,24,24,9,8,10,2,11,22,18,12,6,17,19,11,10,5,13,18,9,13,24,5,5,20,8,17,5,6,4,9,16,21,4,16,18,18,7,15,13,18,22,11,18,11,11,21,8,12,9,5,18,22,11,18,6,11,21,9,29,17,17,9,15,5,14,19,11,18,11,14,22,13,5,18,11,6,11,9,14,15,9,16,12,16,18,11,15,12,17,10,16,10,13,18,5,5,12,9,8,16,14,16,9,15,14,13,11,11,11,14,24,17,16,15,9,17,15,17,16,0,17,14,11,15,14,14,6,12,15,27,16,8,15,14,16,15,13,6
17,25,25,18,29,12,19,15,27,17,19,18,14,26,18,14,29,18,25,16,14,17,17,24,17,24,17,17,4,17,14,2,15,24,16,23,18,18,23,24,17,27,18,17,27,17,10,19,13,18,17,15,12,18,22,17,6,18,17,14,17,29,15,10,18,18,18,17,12,25,17,18,18,17,12,30,18,17,19,18,25,13,17,27,17,17,20,26,26,17,17,16,17,18,14,9,16,25,21,18,17,5,16,17,19,16,13,18,20,2,28,21,24,16,26,30,8,17,6,26,13,18,18,31,16,13,10,21,23,28,17,28,20,10,29,17,14,25,29,20,31,19,26,29,18,16,25,21,11,30,28,14,21,27,22,26,18,14,18,24,17,4,10,12,18,16,14,28,24,17,0,27,8,12,19,26,13,27,13,20,28,24,14,14,26,27,16,19
15,6,5,20,7,37,12,19,2,13,15,22,24,2,20,24,7,13,6,15,16,13,29,39,13,5,29,13,25,29,24,27,25,6,13,8,14,10,10,6,13,4,18,15,5,29,26,15,20,12,35,34,17,19,8,14,21,33,29,16,13,5,26,19,11,12,22,29,17,7,35,11,13,29,16,8,12,12,15,20,5,30,10,4,29,29,12,5,4,29,33,20,29,20,17,31,15,5,11,12,29,31,20,29,14,22,30,18,40,27,4,11,5,11,2,6,21,29,21,4,30,24,14,7,20,20,22,9,6,6,18,6,23,26,5,22,24,2,6,12,7,21,5,7,12,12,4,11,20,6,2,24,9,4,7,1,22,19,22,7,35,28,26,25,18,28,26,5,5,14,27,0,22,24,25,2,20,4,24,39,5,8,26,24,7,3,24,12
13,19,19,14,23,20,11,10,22,13,13,13,11,20,12,11,23,12,19,12,6,13,17,25,13,20,17,13,7,17,11,6,13,18,12,17,12,12,17,18,13,21,14,13,21,17,11,13,9,14,18,20,8,13,16,11,2,19,17,8,13,24,13,6,14,10,12,17,10,20,18,14,12,17,6,24,12,13,13,12,21,12,13,21,17,17,13,20,20,17,19,14,17,14,6,14,12,19,15,12,17,13,14,17,15,10,12,12,23,10,22,15,19,12,20,24,2,17,4,20,14,12,12,23,14,8,2,15,18,23,11,22,15,11,25,12,9,21,22,12,25,14,22,23,10,10,21,15,9,24,22,11,15,22,18,21,12,10,12,20,18,6,11,13,12,16,11,22,20,11,8,22,0,9,16,20,8,21,8,25,22,18,11,9,18,21,12,13
13,21,21,8,29,16,14,8,24,13,13,8,2,22,10,2,28,12,23,11,10,14,12,20,13,24,10,14,8,10,4,12,11,22,13,20,14,16,20,20,14,22,8,13,25,10,6,13,11,16,13,13,9,15,20,15,11,14,12,15,14,27,12,8,16,14,8,12,9,21,13,13,16,10,12,28,15,14,15,8,25,8,14,25,12,12,14,24,24,12,13,10,10,10,15,10,12,21,17,15,10,14,10,12,15,10,8,6,18,14,26,17,24,15,22,28,9,12,9,22,10,8,12,27,10,11,9,15,23,26,11,26,15,6,27,10,2,22,28,16,27,15,24,29,14,16,22,17,11,28,26,4,15,26,22,23,10,9,9,23,13,12,6,6,6,9,6,26,24,15,12,24,9,0,15,22,11,24,5,18,28,21,4,2,24,23,8,14
14,23,22,15,26,26,16,14,25,14,16,14,16,24,15,16,26,15,21,15,16,14,17,25,14,24,17,14,18,15,15,19,17,21,14,20,15,17,20,22,14,23,15,14,26,17,16,12,13,19,22,21,15,6,20,12,16,19,17,17,13,25,19,16,18,16,14,17,15,21,23,15,16,17,16,26,16,16,10,15,26,21,15,25,17,17,14,24,24,17,19,15,17,15,16,20,15,23,19,16,17,23,15,17,16,14,21,15,26,20,26,19,25,16,24,27,16,17,16,24,21,15,15,26,15,14,16,19,24,26,14,26,2,16,25,14,15,23,25,19,24,4,24,24,16,16,23,19,13,26,26,16,19,27,22,24,13,14,14,24,22,19,16,16,15,16,16,24,25,14,19,25,16,15,0,24,14,24,15,26,26,21,15,15,25,24,15,15
13,4,5,18,7,36,10,17,2,11,13,20,22,4,18,22,9,11,4,13,14,11,27,37,11,6,27,11,23,27,22,26,23,4,11,6,12,8,8,4,11,4,16,13,6,27,24,13,20,10,33,33,15,18,6,14,20,31,27,16,11,5,27,17,10,10,20,27,15,5,33,9,12,27,14,8,10,10,14,18,6,28,10,3,27,27,10,4,6,27,31,18,27,18,16,30,13,5,9,10,27,29,18,27,13,20,28,16,38,26,4,9,6,10,0,6,20,27,20,4,28,22,12,7,18,20,20,7,8,6,16,6,22,24,5,20,22,4,7,10,7,20,4,7,10,10,4,9,20,6,4,22,7,4,7,1,20,17,20,8,33,26,24,24,16,26,24,4,6,14,26,2,20,22,24,0,20,5,22,38,7,6,24,22,8,1,22,10
12,16,16,11,24,22,12,9,20,10,12,10,11,19,9,11,22,11,18,9,7,10,17,25,10,19,15,10,11,17,13,11,15,18,9,16,11,13,15,17,10,20,11,12,20,15,13,10,4,13,20,20,5,11,16,8,8,18,17,11,10,23,15,6,13,11,11,15,5,19,20,11,11,17,7,23,11,12,10,11,20,16,10,22,17,17,13,21,19,15,19,11,15,11,9,16,9,18,15,11,15,17,11,15,11,9,17,11,25,13,23,15,18,11,20,25,8,15,8,20,18,12,11,24,11,2,8,15,17,21,10,22,12,13,24,9,11,18,23,12,22,12,19,24,11,11,18,15,4,22,20,13,15,21,17,19,9,9,9,17,20,13,13,11,11,14,11,23,19,6,13,20,8,11,14,20,0,18,11,23,22,14,11,11,19,21,12,12
15,3,5,16,9,36,12,19,6,13,13,20,24,4,18,24,7,13,5,15,15,13,27,37,13,6,27,13,23,27,22,25,25,6,13,8,14,10,7,4,13,2,18,15,7,27,25,13,20,10,33,33,17,18,6,14,21,31,27,15,13,8,26,19,10,11,18,27,15,6,33,11,11,27,15,8,9,12,14,16,7,28,10,8,27,27,11,7,2,27,31,20,27,18,15,30,15,3,9,11,27,29,20,27,14,20,29,18,38,27,8,9,5,11,5,10,19,27,21,4,28,22,14,9,20,18,21,9,7,7,18,7,22,25,9,20,23,2,8,10,7,20,5,9,11,11,4,9,20,8,2,23,9,6,8,5,20,19,20,7,33,27,25,24,18,26,24,8,6,12,27,4,21,24,24,5,18,0,23,38,7,5,24,22,6,5,22,10
13,22,22,11,27,17,16,11,24,13,13,11,7,22,11,7,28,13,21,12,10,14,13,23,14,22,11,14,9,13,7,13,13,20,14,20,12,16,20,22,14,23,11,13,23,11,7,13,11,16,14,16,11,14,20,14,8,14,13,13,14,26,11,9,16,14,11,11,11,21,16,15,14,11,10,28,14,14,14,11,23,13,15,23,13,13,16,21,24,11,15,13,13,13,14,11,12,23,19,14,13,15,13,11,15,11,13,11,21,13,23,17,22,14,22,26,8,11,8,23,13,11,14,27,13,9,8,17,21,25,6,25,14,7,27,11,7,23,26,16,27,15,23,27,14,14,23,17,9,25,25,7,17,25,20,23,10,11,11,23,14,13,7,7,11,10,5,24,22,15,13,24,8,5,15,22,11,23,0,19,26,20,7,7,22,23,9,15
25,35,35,22,43,14,28,24,39,27,27,19,18,38,20,18,42,28,35,25,26,28,15,5,28,38,13,28,21,17,18,22,23,34,28,34,26,30,34,34,28,38,24,25,39,13,18,25,23,30,7,7,25,27,32,27,23,13,15,27,28,41,23,24,30,30,22,13,23,37,7,29,29,15,26,42,29,28,27,22,39,17,29,39,15,15,30,38,38,11,12,22,11,22,27,15,26,35,31,29,11,20,22,11,29,19,17,22,2,20,40,31,38,28,38,42,23,13,21,38,17,20,26,41,22,23,25,31,37,40,25,40,27,18,41,20,18,37,42,30,41,28,38,43,29,30,37,31,23,42,40,18,31,40,36,38,19,24,19,37,7,22,18,16,22,15,16,40,38,27,20,39,25,18,26,38,23,38,19,0,42,33,16,18,38,39,16,30
18,8,8,23,2,38,15,24,5,18,16,24,28,7,23,28,2,18,8,19,18,18,32,40,18,5,32,18,27,32,26,28,29,9,17,9,19,15,10,9,18,8,23,18,7,32,28,18,22,14,37,35,21,22,11,16,22,36,32,18,18,3,29,23,12,14,23,32,21,9,37,16,14,32,18,3,14,17,18,23,5,32,15,6,32,32,16,8,7,32,36,23,32,21,18,32,20,8,14,14,32,33,23,32,16,24,32,23,42,28,6,14,4,16,7,5,22,32,22,8,32,25,17,4,23,22,22,14,6,4,23,4,24,28,4,23,26,7,1,14,4,22,6,2,16,14,7,14,22,8,5,28,14,7,7,6,25,23,25,6,37,28,28,26,23,29,28,6,5,16,28,5,22,28,26,7,22,7,26,42,0,10,28,28,5,6,27,15
10,2,4,15,11,32,9,17,8,10,10,16,20,7,15,21,10,12,4,12,12,11,24,34,11,9,24,11,22,24,20,24,23,4,11,3,11,7,4,3,11,7,17,10,10,24,21,10,16,8,28,28,15,15,3,10,18,28,24,14,11,10,24,17,8,8,17,24,14,6,28,10,8,24,12,10,8,9,11,15,10,26,9,9,24,24,10,8,5,22,28,15,24,15,12,26,13,4,6,6,24,28,15,22,11,17,26,15,35,24,10,6,8,8,6,12,18,24,18,6,26,19,11,11,15,14,16,6,9,8,15,9,19,21,11,17,20,7,10,8,9,17,6,11,8,8,7,6,16,9,7,22,6,9,8,7,17,17,17,7,28,22,21,21,15,23,20,10,9,8,24,8,18,21,21,6,14,5,20,33,10,0,20,20,9,7,19,9
13,21,21,10,29,12,16,12,26,15,13,4,6,24,6,6,28,14,21,14,12,16,12,18,16,24,8,16,12,12,6,14,14,20,16,20,12,18,20,20,16,24,12,13,25,8,4,13,11,16,11,11,13,15,18,15,11,11,12,15,16,27,12,12,16,16,10,8,11,23,9,17,16,12,12,28,15,16,15,10,25,12,17,25,12,12,16,25,24,8,11,8,8,8,13,6,14,21,17,14,8,18,8,8,15,6,12,10,16,14,26,17,24,16,24,28,11,8,9,24,12,8,14,27,8,11,11,17,23,26,11,26,14,4,27,6,6,24,28,16,27,14,24,29,16,16,24,17,9,28,26,8,17,26,22,25,6,13,5,23,11,14,4,2,10,5,2,26,24,15,14,26,11,4,15,24,11,24,7,16,28,20,0,6,24,25,10,16
13,21,21,8,29,16,14,10,24,13,13,10,2,22,10,2,28,14,22,12,10,14,12,20,13,24,12,14,10,10,4,12,11,22,13,20,14,16,20,20,14,22,8,13,25,12,6,13,11,16,13,13,9,15,20,14,11,13,12,15,14,27,12,8,16,14,8,10,9,21,15,13,15,10,12,28,15,14,15,6,25,8,14,25,12,12,16,24,22,10,13,10,10,10,15,10,12,21,17,15,10,14,10,10,15,10,8,6,18,12,26,17,24,15,22,28,9,10,11,22,10,8,12,27,10,11,9,15,23,26,11,26,15,6,27,10,2,22,28,16,27,14,24,29,14,16,22,17,11,28,24,4,15,26,22,23,9,10,9,23,13,12,6,6,8,9,4,26,24,14,14,24,9,2,15,22,11,22,7,18,28,20,6,0,24,23,8,16
16,7,7,19,5,36,13,20,7,16,16,23,24,6,21,24,7,15,7,18,14,16,30,40,15,3,30,15,25,30,22,24,27,7,16,9,15,11,10,7,16,6,21,16,4,30,24,16,19,10,33,33,17,19,9,16,20,33,30,16,16,7,26,19,10,13,21,30,17,8,33,14,13,30,14,7,13,13,15,21,4,28,14,8,30,30,13,6,6,28,33,21,30,21,14,30,17,7,14,13,30,31,21,28,16,20,28,21,38,26,7,12,3,13,8,6,20,30,20,6,28,25,15,5,21,19,18,12,5,6,19,5,23,24,7,22,22,6,5,10,8,21,6,6,13,13,7,12,19,8,7,24,12,9,5,7,22,21,22,5,33,24,24,24,21,27,24,7,2,16,26,7,18,24,25,8,19,6,22,38,5,9,24,24,0,7,25,14
14,5,6,19,7,37,11,18,1,12,14,21,23,5,19,23,8,12,4,14,15,12,28,38,12,6,28,12,24,28,23,26,24,5,12,7,13,9,9,5,12,3,17,14,5,28,25,14,19,11,34,34,16,18,7,13,21,32,28,16,12,4,27,18,11,11,21,28,16,4,34,10,12,28,15,8,10,11,14,19,6,29,11,4,28,28,10,4,5,28,32,19,28,19,16,31,14,6,10,11,28,30,19,28,13,21,29,17,39,27,5,10,5,11,1,6,20,28,21,3,29,23,13,7,19,19,21,8,7,6,17,6,22,25,5,21,23,5,6,11,7,20,4,7,11,11,3,10,19,5,3,23,8,3,7,2,21,18,21,7,34,27,25,25,17,27,25,4,6,15,27,3,21,23,24,1,21,5,23,39,6,7,25,23,7,0,23,9
9,21,21,10,27,22,14,11,24,13,11,7,8,22,8,8,27,12,19,12,13,14,9,15,14,23,9,14,14,9,10,16,14,18,14,18,10,14,18,20,14,22,8,9,24,9,10,11,12,17,11,11,12,11,18,13,10,13,9,16,14,25,16,11,17,15,9,9,12,21,13,13,15,9,13,28,13,12,13,8,24,14,14,23,9,9,14,22,22,7,13,8,5,8,16,16,12,21,15,15,5,20,8,7,13,7,14,8,16,16,24,15,23,13,22,26,10,9,10,22,14,4,12,27,8,12,12,17,22,26,9,26,13,10,25,9,8,22,27,19,27,12,24,27,15,15,22,15,12,26,24,10,17,24,21,23,9,11,7,24,11,18,10,10,8,10,10,24,23,13,16,24,12,8,15,22,12,22,9,16,27,19,10,8,25,23,0,14
7,10,10,10,16,28,6,11,10,5,7,12,14,10,10,16,17,3,9,7,7,5,19,29,5,12,19,5,17,21,14,17,17,9,5,9,6,5,8,9,5,8,8,7,14,19,17,5,10,6,25,25,9,9,7,4,13,23,19,11,5,13,21,11,6,3,12,19,9,7,25,3,3,19,7,17,1,4,5,10,13,20,2,13,19,19,1,13,11,19,23,12,19,12,12,22,7,10,6,3,19,23,12,19,7,12,20,10,30,19,14,6,11,3,10,15,11,19,13,10,20,14,6,16,12,10,13,5,12,15,10,15,13,17,14,12,14,10,15,8,16,11,13,16,3,3,8,6,10,14,12,14,5,12,12,11,12,11,12,12,25,19,17,16,8,18,16,13,12,6,19,12,13,14,15,10,12,10,15,30,15,9,16,16,14,9,14,0
